ADM1_FR,ADM2_FR,ADM2_PCODE,pcode_ch,year,ch,asi,bio,pluie
Barh-El-Gazel,Barh-El-Gazel Nord,TD1902,TCD1902,1999,,0.0,176.29586477886724,130.03348123451178
Barh-El-Gazel,Barh-El-Gazel Nord,TD1902,TCD1902,2000,,19.505428571428578,65.09069926379655,60.85361712398161
Barh-El-Gazel,Barh-El-Gazel Nord,TD1902,TCD1902,2001,,64.28557142857143,98.26131294492332,85.97520760891224
Barh-El-Gazel,Barh-El-Gazel Nord,TD1902,TCD1902,2002,,76.19057142857143,58.753783759170865,98.20778572009914
Barh-El-Gazel,Barh-El-Gazel Nord,TD1902,TCD1902,2003,,0.0,81.41837000853639,121.79732206253388
Barh-El-Gazel,Barh-El-Gazel Nord,TD1902,TCD1902,2004,,3.663,47.7717449263612,77.43426536334017
Barh-El-Gazel,Barh-El-Gazel Nord,TD1902,TCD1902,2005,,0.0,101.41957111086784,110.11453220288564
Barh-El-Gazel,Barh-El-Gazel Nord,TD1902,TCD1902,2006,,43.95614285714286,40.84961619706197,99.38678543664528
Barh-El-Gazel,Barh-El-Gazel Nord,TD1902,TCD1902,2007,,3.296714285714286,72.27684104462023,84.71622338410246
Barh-El-Gazel,Barh-El-Gazel Nord,TD1902,TCD1902,2008,,24.175857142857144,37.64875996703528,118.4612664494456
Barh-El-Gazel,Barh-El-Gazel Nord,TD1902,TCD1902,2009,,17.12457142857143,33.08099619700981,108.36525697478947
Barh-El-Gazel,Barh-El-Gazel Nord,TD1902,TCD1902,2010,,0.0,98.28185382778662,101.69146186422842
Barh-El-Gazel,Barh-El-Gazel Nord,TD1902,TCD1902,2011,,34.06585714285714,43.27156980125915,126.97638913445536
Barh-El-Gazel,Barh-El-Gazel Nord,TD1902,TCD1902,2012,,0.0,139.95980822837288,127.42149590675773
Barh-El-Gazel,Barh-El-Gazel Nord,TD1902,TCD1902,2013,,35.89757142857143,94.6029880839252,93.23639772226574
Barh-El-Gazel,Barh-El-Gazel Nord,TD1902,TCD1902,2014,16.99984341562712,40.476142857142854,74.12306183161925,114.25716843614852
Barh-El-Gazel,Barh-El-Gazel Nord,TD1902,TCD1902,2015,21.00057414270056,16.208714285714287,87.85243489051243,97.48764449832876
Barh-El-Gazel,Barh-El-Gazel Nord,TD1902,TCD1902,2016,25.0,0.0,143.22568815002995,111.16639864840214
Barh-El-Gazel,Barh-El-Gazel Nord,TD1902,TCD1902,2017,16.0,0.0,78.01261510633275,147.90847527075462
Barh-El-Gazel,Barh-El-Gazel Nord,TD1902,TCD1902,2018,23.0,0.0,144.19772042201504,164.5604079490569
Barh-El-Gazel,Barh-El-Gazel Nord,TD1902,TCD1902,2019,22.00006819964309,0.7325714285714285,103.84390544519336,101.33279449033029
Barh-El-Gazel,Barh-El-Gazel Nord,TD1902,TCD1902,2020,27.00040628534408,11.97342857142857,162.61663584830228,171.15141207738012
Barh-El-Gazel,Barh-El-Gazel Nord,TD1902,TCD1902,2021,20.9999363638292,7.326142857142857,94.64047749794028,130.66044752033991
Barh-El-Gazel,Barh-El-Gazel Nord,TD1902,TCD1902,2022,27.00017412858885,0.0,158.91360852784072,148.31822047098248
Barh-El-Gazel,Barh-El-Gazel Nord,TD1902,TCD1902,2023,25.99965763425269,0.0,130.0512732037626,108.53953900858502
Barh-El-Gazel,Barh-El-Gazel Nord,TD1902,TCD1902,2024,30.00057307684961,0.0,233.5387989368569,163.49956078682305
Barh-El-Gazel,Barh-El-Gazel Nord,TD1902,TCD1902,2025,29.000156787516023,0.0,166.592993661118,106.34627959777616
Barh-El-Gazel,Barh-El-Gazel Nord,TD1902,TCD1902,2026,22.0,5.148000000000001,51.55061550662571,85.79026097401487
Barh-El-Gazel,Barh-El-Gazel Ouest,TD1903,TCD1903,1999,,0.0,123.29491229008886,130.03348123451178
Barh-El-Gazel,Barh-El-Gazel Ouest,TD1903,TCD1903,2000,,19.505428571428578,111.99500659876836,60.85361712398161
Barh-El-Gazel,Barh-El-Gazel Ouest,TD1903,TCD1903,2001,,64.28557142857143,90.3730023311591,85.97520760891224
Barh-El-Gazel,Barh-El-Gazel Ouest,TD1903,TCD1903,2002,,76.19057142857143,75.31173969467247,98.20778572009914
Barh-El-Gazel,Barh-El-Gazel Ouest,TD1903,TCD1903,2003,,0.0,153.44382229746984,121.79732206253388
Barh-El-Gazel,Barh-El-Gazel Ouest,TD1903,TCD1903,2004,,3.663,61.29087275833404,77.43426536334017
Barh-El-Gazel,Barh-El-Gazel Ouest,TD1903,TCD1903,2005,,0.0,114.45291349724344,110.11453220288564
Barh-El-Gazel,Barh-El-Gazel Ouest,TD1903,TCD1903,2006,,43.95614285714286,78.7183426683254,99.38678543664528
Barh-El-Gazel,Barh-El-Gazel Ouest,TD1903,TCD1903,2007,,3.296714285714286,95.87590833915084,84.71622338410246
Barh-El-Gazel,Barh-El-Gazel Ouest,TD1903,TCD1903,2008,,24.175857142857144,99.97786174036185,118.4612664494456
Barh-El-Gazel,Barh-El-Gazel Ouest,TD1903,TCD1903,2009,,17.12457142857143,70.51659703513225,108.36525697478947
Barh-El-Gazel,Barh-El-Gazel Ouest,TD1903,TCD1903,2010,,0.0,89.36517774997836,101.69146186422842
Barh-El-Gazel,Barh-El-Gazel Ouest,TD1903,TCD1903,2011,,34.06585714285714,71.89104545597803,126.97638913445536
Barh-El-Gazel,Barh-El-Gazel Ouest,TD1903,TCD1903,2012,,0.0,110.79962204007914,127.42149590675773
Barh-El-Gazel,Barh-El-Gazel Ouest,TD1903,TCD1903,2013,,35.89757142857143,80.45443008610962,93.23639772226574
Barh-El-Gazel,Barh-El-Gazel Ouest,TD1903,TCD1903,2014,7.000328583803805,40.476142857142854,79.17035929307936,114.25716843614852
Barh-El-Gazel,Barh-El-Gazel Ouest,TD1903,TCD1903,2015,16.999731158705977,16.208714285714287,82.74528954455465,97.48764449832876
Barh-El-Gazel,Barh-El-Gazel Ouest,TD1903,TCD1903,2016,25.0,0.0,101.41969387191918,111.16639864840214
Barh-El-Gazel,Barh-El-Gazel Ouest,TD1903,TCD1903,2017,20.00027874952961,0.0,66.43421059712495,147.90847527075462
Barh-El-Gazel,Barh-El-Gazel Ouest,TD1903,TCD1903,2018,25.999838409953945,0.0,131.94149039189537,164.5604079490569
Barh-El-Gazel,Barh-El-Gazel Ouest,TD1903,TCD1903,2019,4.999869896697978,0.7325714285714285,86.5473864870832,101.33279449033029
Barh-El-Gazel,Barh-El-Gazel Ouest,TD1903,TCD1903,2020,25.0,11.97342857142857,113.22261897875848,171.15141207738012
Barh-El-Gazel,Barh-El-Gazel Ouest,TD1903,TCD1903,2021,22.00060698027314,7.326142857142857,94.09101945160444,130.66044752033991
Barh-El-Gazel,Barh-El-Gazel Ouest,TD1903,TCD1903,2022,28.000468960665927,0.0,139.4114237716745,148.31822047098248
Barh-El-Gazel,Barh-El-Gazel Ouest,TD1903,TCD1903,2023,26.000306104600313,0.0,129.39633770396705,108.53953900858502
Barh-El-Gazel,Barh-El-Gazel Ouest,TD1903,TCD1903,2024,28.000131189120047,0.0,147.8589153254873,163.49956078682305
Barh-El-Gazel,Barh-El-Gazel Ouest,TD1903,TCD1903,2025,24.999736089265166,0.0,162.29033414969882,106.34627959777616
Barh-El-Gazel,Barh-El-Gazel Ouest,TD1903,TCD1903,2026,15.0,5.148000000000001,86.9303089355585,85.79026097401487
Barh-El-Gazel,Barh-El-Gazel Sud,TD1901,TCD1901,1999,,0.0,149.44760872842193,130.03348123451178
Barh-El-Gazel,Barh-El-Gazel Sud,TD1901,TCD1901,2000,,19.505428571428578,104.70921511583347,60.85361712398161
Barh-El-Gazel,Barh-El-Gazel Sud,TD1901,TCD1901,2001,,64.28557142857143,106.89994138426914,85.97520760891224
Barh-El-Gazel,Barh-El-Gazel Sud,TD1901,TCD1901,2002,,76.19057142857143,69.19910256974853,98.20778572009914
Barh-El-Gazel,Barh-El-Gazel Sud,TD1901,TCD1901,2003,,0.0,138.57108153172365,121.79732206253388
Barh-El-Gazel,Barh-El-Gazel Sud,TD1901,TCD1901,2004,,3.663,52.85863589371564,77.43426536334017
Barh-El-Gazel,Barh-El-Gazel Sud,TD1901,TCD1901,2005,,0.0,111.7322789989768,110.11453220288564
Barh-El-Gazel,Barh-El-Gazel Sud,TD1901,TCD1901,2006,,43.95614285714286,69.17776950678277,99.38678543664528
Barh-El-Gazel,Barh-El-Gazel Sud,TD1901,TCD1901,2007,,3.296714285714286,87.85933373213948,84.71622338410246
Barh-El-Gazel,Barh-El-Gazel Sud,TD1901,TCD1901,2008,,24.175857142857144,63.48242994734038,118.4612664494456
Barh-El-Gazel,Barh-El-Gazel Sud,TD1901,TCD1901,2009,,17.12457142857143,61.52336520453039,108.36525697478947
Barh-El-Gazel,Barh-El-Gazel Sud,TD1901,TCD1901,2010,,0.0,101.27276483069312,101.69146186422842
Barh-El-Gazel,Barh-El-Gazel Sud,TD1901,TCD1901,2011,,34.06585714285714,59.03192905500815,126.97638913445536
Barh-El-Gazel,Barh-El-Gazel Sud,TD1901,TCD1901,2012,,0.0,110.22133930120668,127.42149590675773
Barh-El-Gazel,Barh-El-Gazel Sud,TD1901,TCD1901,2013,,35.89757142857143,76.8489642561281,93.23639772226574
Barh-El-Gazel,Barh-El-Gazel Sud,TD1901,TCD1901,2014,17.999759957478183,40.47614285714285,77.22502243836446,114.25716843614852
Barh-El-Gazel,Barh-El-Gazel Sud,TD1901,TCD1901,2015,17.999759957478183,16.208714285714287,80.02426760607472,97.48764449832876
Barh-El-Gazel,Barh-El-Gazel Sud,TD1901,TCD1901,2016,24.999861985966735,0.0,117.73200798807244,111.16639864840214
Barh-El-Gazel,Barh-El-Gazel Sud,TD1901,TCD1901,2017,21.0,0.0,78.6299326092697,147.90847527075462
Barh-El-Gazel,Barh-El-Gazel Sud,TD1901,TCD1901,2018,23.00002576456342,0.0,132.04367527135005,164.5604079490569
Barh-El-Gazel,Barh-El-Gazel Sud,TD1901,TCD1901,2019,11.999807618314737,0.7325714285714285,89.66009172839992,101.33279449033029
Barh-El-Gazel,Barh-El-Gazel Sud,TD1901,TCD1901,2020,29.000096190842633,11.97342857142857,119.31541860081003,171.15141207738012
Barh-El-Gazel,Barh-El-Gazel Sud,TD1901,TCD1901,2021,27.00020904466588,7.326142857142857,95.30277081279624,130.66044752033991
Barh-El-Gazel,Barh-El-Gazel Sud,TD1901,TCD1901,2022,30.99982951843444,0.0,143.9818628982367,148.31822047098248
Barh-El-Gazel,Barh-El-Gazel Sud,TD1901,TCD1901,2023,31.9998941481573,0.0,136.15414992736174,108.53953900858502
Barh-El-Gazel,Barh-El-Gazel Sud,TD1901,TCD1901,2024,32.00020080657307,0.0,167.09504006274622,163.49956078682305
Barh-El-Gazel,Barh-El-Gazel Sud,TD1901,TCD1901,2025,29.00008483100452,0.0,165.2312425014779,106.34627959777616
Barh-El-Gazel,Barh-El-Gazel Sud,TD1901,TCD1901,2026,23.0,5.148000000000001,74.96199460035362,85.79026097401487
Batha,Batha Est,TD0102,TCD0102,1999,,0.0,155.9393370383999,144.67121703013265
Batha,Batha Est,TD0102,TCD0102,2000,,24.590185187204504,99.54765121550584,80.32667056575671
Batha,Batha Est,TD0102,TCD0102,2001,,13.088760597708212,94.40033608641944,104.42884347307582
Batha,Batha Est,TD0102,TCD0102,2002,,53.14542970961783,74.21752207346745,74.12447028946576
Batha,Batha Est,TD0102,TCD0102,2003,,0.5636172339998071,103.00282346053578,127.1744406837565
Batha,Batha Est,TD0102,TCD0102,2004,,5.712642052649409,66.73339176249073,64.98113608173472
Batha,Batha Est,TD0102,TCD0102,2005,,0.4082072877983588,110.72727903312436,108.01345457606084
Batha,Batha Est,TD0102,TCD0102,2006,,46.15581288467299,62.063985584376525,98.30918793034093
Batha,Batha Est,TD0102,TCD0102,2007,,2.229529641171687,110.14336021687264,83.21050407181006
Batha,Batha Est,TD0102,TCD0102,2008,,0.1173189410075192,94.92063840199653,86.90092039297228
Batha,Batha Est,TD0102,TCD0102,2009,,1.6829744509439826,55.687797969315575,87.503489785087
Batha,Batha Est,TD0102,TCD0102,2010,,0.0005601663061572,114.28593360620891,129.79482743911734
Batha,Batha Est,TD0102,TCD0102,2011,,3.765357102965192,66.28255102772627,92.7365746826087
Batha,Batha Est,TD0102,TCD0102,2012,,0.0011203326123145,140.418808330372,138.19836966746303
Batha,Batha Est,TD0102,TCD0102,2013,,1.5846692021435522,77.89293275359107,98.64387520647183
Batha,Batha Est,TD0102,TCD0102,2014,15.999802963606482,4.301328529383699,80.54478585072266,108.0843046320045
Batha,Batha Est,TD0102,TCD0102,2015,8.000125386795874,10.318331745456224,73.25156756885632,98.65156279275348
Batha,Batha Est,TD0102,TCD0102,2016,21.999939442961757,0.0,118.96258931901802,131.11818816797984
Batha,Batha Est,TD0102,TCD0102,2017,15.999866277757812,0.001416891244986,81.08716624003213,139.69027774250415
Batha,Batha Est,TD0102,TCD0102,2018,27.000052486868185,0.000288320892875,91.51603253323526,139.6261033034185
Batha,Batha Est,TD0102,TCD0102,2019,14.000015073634705,1.57889059785148,92.8617188435594,121.89900450374886
Batha,Batha Est,TD0102,TCD0102,2020,6.9998191163835335,1.7140532760362772,112.31049973260608,187.98471557900848
Batha,Batha Est,TD0102,TCD0102,2021,7.999956322182143,1.526866192688524,120.08398255318176,88.75778071161578
Batha,Batha Est,TD0102,TCD0102,2022,15.999718785151856,0.5289776068605475,169.9276731616992,146.75793366831994
Batha,Batha Est,TD0102,TCD0102,2023,15.999947554052104,0.1620256589178983,84.83795452530059,109.9151176127361
Batha,Batha Est,TD0102,TCD0102,2024,25.999750881747495,0.038189885933632,148.35168111138557,144.43278727865277
Batha,Batha Est,TD0102,TCD0102,2025,25.99994302769804,0.0370203358416959,155.9203841165454,145.88098069395454
Batha,Batha Est,TD0102,TCD0102,2026,25.0,3.71956850314323,51.246913862804114,77.67002065279549
Batha,Batha Ouest,TD0101,TCD0101,1999,,0.0,152.0464965052184,141.5276446450748
Batha,Batha Ouest,TD0101,TCD0101,2000,,13.968714285714285,100.1623882608235,88.16325663315658
Batha,Batha Ouest,TD0101,TCD0101,2001,,28.931714285714285,83.16777007112651,91.07811518720165
Batha,Batha Ouest,TD0101,TCD0101,2002,,74.73528571428572,55.14109456443418,74.16881908800295
Batha,Batha Ouest,TD0101,TCD0101,2003,,7.220142857142856,74.26751163117844,119.29081061682808
Batha,Batha Ouest,TD0101,TCD0101,2004,,8.776714285714286,66.77114127658731,75.18380182928269
Batha,Batha Ouest,TD0101,TCD0101,2005,,2.3912857142857145,109.59813146499232,95.1224637236338
Batha,Batha Ouest,TD0101,TCD0101,2006,,54.08085714285714,54.10598909721581,103.77826676173522
Batha,Batha Ouest,TD0101,TCD0101,2007,,7.126714285714286,95.53241282589345,74.4086940508176
Batha,Batha Ouest,TD0101,TCD0101,2008,,0.7528571428571429,111.11897765917188,103.18259301057245
Batha,Batha Ouest,TD0101,TCD0101,2009,,1.7105714285714286,58.67483128155396,99.90532494085758
Batha,Batha Ouest,TD0101,TCD0101,2010,,0.0097142857142857,110.24993886485308,124.58978075995032
Batha,Batha Ouest,TD0101,TCD0101,2011,,2.6622857142857144,58.55631005478803,107.86511283094951
Batha,Batha Ouest,TD0101,TCD0101,2012,,0.0194285714285714,132.76270121788107,111.38201976607468
Batha,Batha Ouest,TD0101,TCD0101,2013,,0.426,85.29554611075653,89.63886541031367
Batha,Batha Ouest,TD0101,TCD0101,2014,12.000032677602771,3.2351428571428573,82.50303773107551,112.49191366390116
Batha,Batha Ouest,TD0101,TCD0101,2015,3.000173602891277,4.174571428571428,71.24675698854149,111.44340509120444
Batha,Batha Ouest,TD0101,TCD0101,2016,23.000015782081025,0.0,118.36647991560385,126.78147296448624
Batha,Batha Ouest,TD0101,TCD0101,2017,6.9998360961924755,0.0245714285714285,81.80886180023221,140.2593293889327
Batha,Batha Ouest,TD0101,TCD0101,2018,24.000132579105532,0.005,117.38997493660897,139.57629959816222
Batha,Batha Ouest,TD0101,TCD0101,2019,12.000164993245589,0.09,101.02672309273343,119.58664066447253
Batha,Batha Ouest,TD0101,TCD0101,2020,20.99985906826939,1.862,140.09823294474992,175.3490700123243
Batha,Batha Ouest,TD0101,TCD0101,2021,22.000073041411163,0.1192857142857142,102.04943865896412,170.2115904937741
Batha,Batha Ouest,TD0101,TCD0101,2022,24.00008977869551,0.0827142857142857,181.3492459882429,135.2488702739202
Batha,Batha Ouest,TD0101,TCD0101,2023,15.00004484854646,0.0387142857142857,103.50845221683645,104.47853166302288
Batha,Batha Ouest,TD0101,TCD0101,2024,25.999898343294692,0.0272857142857142,153.20155483993585,139.51326159120205
Batha,Batha Ouest,TD0101,TCD0101,2025,14.000000000000002,0.0,160.63320371174038,111.69154346317116
Batha,Batha Ouest,TD0101,TCD0101,2026,31.0,3.817571428571429,57.52866957139246,84.6451692110097
Batha,Fitri,TD0103,TCD0103,1999,,0.0,138.99556350370327,141.5276446450748
Batha,Fitri,TD0103,TCD0103,2000,,13.968714285714285,112.07062471321728,88.16325663315658
Batha,Fitri,TD0103,TCD0103,2001,,28.931714285714285,82.17269521881181,91.07811518720165
Batha,Fitri,TD0103,TCD0103,2002,,74.73528571428572,60.52133387726837,74.16881908800295
Batha,Fitri,TD0103,TCD0103,2003,,7.220142857142856,91.86252925294976,119.29081061682808
Batha,Fitri,TD0103,TCD0103,2004,,8.776714285714286,81.13620262774339,75.18380182928269
Batha,Fitri,TD0103,TCD0103,2005,,2.3912857142857145,114.92137036824025,95.1224637236338
Batha,Fitri,TD0103,TCD0103,2006,,54.08085714285714,62.589648391743054,103.77826676173522
Batha,Fitri,TD0103,TCD0103,2007,,7.126714285714286,84.4218329855599,74.4086940508176
Batha,Fitri,TD0103,TCD0103,2008,,0.7528571428571429,116.45497919902832,103.18259301057245
Batha,Fitri,TD0103,TCD0103,2009,,1.7105714285714286,81.6453172323861,99.9053249408576
Batha,Fitri,TD0103,TCD0103,2010,,0.0097142857142857,106.68910798344773,124.58978075995032
Batha,Fitri,TD0103,TCD0103,2011,,2.6622857142857144,63.79179097281052,107.86511283094954
Batha,Fitri,TD0103,TCD0103,2012,,0.0194285714285714,110.87284326210708,111.38201976607468
Batha,Fitri,TD0103,TCD0103,2013,,0.426,86.88923952337346,89.63886541031367
Batha,Fitri,TD0103,TCD0103,2014,4.999780550963381,3.2351428571428573,81.07795762100424,112.49191366390116
Batha,Fitri,TD0103,TCD0103,2015,5.999736661156057,4.174571428571428,73.07757906594571,111.44340509120444
Batha,Fitri,TD0103,TCD0103,2016,3.000091853966325,0.0,117.74780581255666,126.78147296448624
Batha,Fitri,TD0103,TCD0103,2017,16.999781564001747,0.0245714285714285,90.62404326504604,140.2593293889327
Batha,Fitri,TD0103,TCD0103,2018,4.999802144750901,0.005,119.82968872502671,139.57629959816222
Batha,Fitri,TD0103,TCD0103,2019,9.00025238379573,0.09,109.4283142566934,119.58664066447253
Batha,Fitri,TD0103,TCD0103,2020,5.999963065785991,1.862,101.99694486639116,175.3490700123243
Batha,Fitri,TD0103,TCD0103,2021,25.999762173732087,0.1192857142857142,106.41094070911323,170.2115904937741
Batha,Fitri,TD0103,TCD0103,2022,11.000034452266384,0.0827142857142857,145.22455175203177,135.2488702739202
Batha,Fitri,TD0103,TCD0103,2023,14.000096378833064,0.0387142857142857,132.29377251232455,104.47853166302288
Batha,Fitri,TD0103,TCD0103,2024,27.999896595403666,0.0272857142857142,127.25332230147626,139.51326159120205
Batha,Fitri,TD0103,TCD0103,2025,11.999999999999998,0.0,140.91842421333808,111.69154346317116
Batha,Fitri,TD0103,TCD0103,2026,27.0,3.817571428571429,62.79739156645601,84.6451692110097
Borkou,Borkou,TD0201,TCD0201,1999,,,,
Borkou,Borkou,TD0201,TCD0201,2000,,,,
Borkou,Borkou,TD0201,TCD0201,2001,,,,
Borkou,Borkou,TD0201,TCD0201,2002,,,,
Borkou,Borkou,TD0201,TCD0201,2003,,,,
Borkou,Borkou,TD0201,TCD0201,2004,,,,
Borkou,Borkou,TD0201,TCD0201,2005,,,,
Borkou,Borkou,TD0201,TCD0201,2006,,,,
Borkou,Borkou,TD0201,TCD0201,2007,,,,
Borkou,Borkou,TD0201,TCD0201,2008,,,,
Borkou,Borkou,TD0201,TCD0201,2009,,,,
Borkou,Borkou,TD0201,TCD0201,2010,,,,
Borkou,Borkou,TD0201,TCD0201,2011,,,,
Borkou,Borkou,TD0201,TCD0201,2012,,,,
Borkou,Borkou,TD0201,TCD0201,2013,,,,
Borkou,Borkou,TD0201,TCD0201,2014,,,,
Borkou,Borkou,TD0201,TCD0201,2015,0.0,,,
Borkou,Borkou,TD0201,TCD0201,2016,0.0,,,
Borkou,Borkou,TD0201,TCD0201,2017,,,,
Borkou,Borkou,TD0201,TCD0201,2018,5.000053248703394,,,
Borkou,Borkou,TD0201,TCD0201,2019,20.999722185065902,,,
Borkou,Borkou,TD0201,TCD0201,2020,28.000437367050356,,,
Borkou,Borkou,TD0201,TCD0201,2021,33.999961596067436,,,
Borkou,Borkou,TD0201,TCD0201,2022,14.000033822634103,,,
Borkou,Borkou,TD0201,TCD0201,2023,14.99939476733127,,,
Borkou,Borkou,TD0201,TCD0201,2024,22.999706029846617,,,
Borkou,Borkou,TD0201,TCD0201,2025,15.0,,,
Borkou,Borkou,TD0201,TCD0201,2026,8.0,,,
Borkou,Borkou Yala,TD0202,TCD0202,1999,,,,
Borkou,Borkou Yala,TD0202,TCD0202,2000,,,,
Borkou,Borkou Yala,TD0202,TCD0202,2001,,,,
Borkou,Borkou Yala,TD0202,TCD0202,2002,,,,
Borkou,Borkou Yala,TD0202,TCD0202,2003,,,,
Borkou,Borkou Yala,TD0202,TCD0202,2004,,,,
Borkou,Borkou Yala,TD0202,TCD0202,2005,,,,
Borkou,Borkou Yala,TD0202,TCD0202,2006,,,,
Borkou,Borkou Yala,TD0202,TCD0202,2007,,,,
Borkou,Borkou Yala,TD0202,TCD0202,2008,,,,
Borkou,Borkou Yala,TD0202,TCD0202,2009,,,,
Borkou,Borkou Yala,TD0202,TCD0202,2010,,,,
Borkou,Borkou Yala,TD0202,TCD0202,2011,,,,
Borkou,Borkou Yala,TD0202,TCD0202,2012,,,,
Borkou,Borkou Yala,TD0202,TCD0202,2013,,,,
Borkou,Borkou Yala,TD0202,TCD0202,2014,,,,
Borkou,Borkou Yala,TD0202,TCD0202,2015,0.0,,,
Borkou,Borkou Yala,TD0202,TCD0202,2016,0.0,,,
Borkou,Borkou Yala,TD0202,TCD0202,2017,,,,
Borkou,Borkou Yala,TD0202,TCD0202,2018,4.001004436260149,,,
Borkou,Borkou Yala,TD0202,TCD0202,2019,21.00108813928183,,,
Borkou,Borkou Yala,TD0202,TCD0202,2020,22.99938007061804,,,
Borkou,Borkou Yala,TD0202,TCD0202,2021,31.000728938873262,,,
Borkou,Borkou Yala,TD0202,TCD0202,2022,12.000301704631166,,,
Borkou,Borkou Yala,TD0202,TCD0202,2023,16.99997655499027,,,
Borkou,Borkou Yala,TD0202,TCD0202,2024,29.00147703561297,,,
Borkou,Borkou Yala,TD0202,TCD0202,2025,30.0009055510278,,,
Borkou,Borkou Yala,TD0202,TCD0202,2026,26.0,,,
Chari-Baguirmi,Baguirmi,TD0301,TCD0301,1999,,0.0,112.21599972276046,122.59784363043498
Chari-Baguirmi,Baguirmi,TD0301,TCD0301,2000,,2.9429999999999996,120.38966030823416,94.12139410275527
Chari-Baguirmi,Baguirmi,TD0301,TCD0301,2001,,32.312444444444445,99.94998328821806,116.04455295476706
Chari-Baguirmi,Baguirmi,TD0301,TCD0301,2002,,50.68511111111111,82.66878921893057,85.48034934497818
Chari-Baguirmi,Baguirmi,TD0301,TCD0301,2003,,1.7361111111111112,117.08459574336798,118.40635932392244
Chari-Baguirmi,Baguirmi,TD0301,TCD0301,2004,,4.862444444444445,100.99220629825145,77.18893631663894
Chari-Baguirmi,Baguirmi,TD0301,TCD0301,2005,,1.9872222222222224,111.27067815267702,109.72455492106148
Chari-Baguirmi,Baguirmi,TD0301,TCD0301,2006,,39.108666666666664,69.98862471529202,100.96123122803282
Chari-Baguirmi,Baguirmi,TD0301,TCD0301,2007,,5.3774444444444445,80.64588872790061,83.2221830783978
Chari-Baguirmi,Baguirmi,TD0301,TCD0301,2008,,1.021111111111111,101.71630628386832,90.6019318842836
Chari-Baguirmi,Baguirmi,TD0301,TCD0301,2009,,17.984333333333336,71.83180239059475,88.04349607150759
Chari-Baguirmi,Baguirmi,TD0301,TCD0301,2010,,1.425888888888889,95.16386955969526,130.7323627485519
Chari-Baguirmi,Baguirmi,TD0301,TCD0301,2011,,4.4527777777777775,91.32616629923128,124.47544999467462
Chari-Baguirmi,Baguirmi,TD0301,TCD0301,2012,,0.0517777777777777,117.36957057856992,112.24653235783283
Chari-Baguirmi,Baguirmi,TD0301,TCD0301,2013,,4.020888888888889,98.4130684312588,107.47355743627978
Chari-Baguirmi,Baguirmi,TD0301,TCD0301,2014,0.0,4.432666666666666,79.17391685675838,96.83590453640514
Chari-Baguirmi,Baguirmi,TD0301,TCD0301,2015,3.999830564604946,13.446444444444444,70.68221820167612,108.55030846243967
Chari-Baguirmi,Baguirmi,TD0301,TCD0301,2016,3.0001724856621292,1.1655555555555557,104.478955362593,117.43365804501178
Chari-Baguirmi,Baguirmi,TD0301,TCD0301,2017,0.0,0.7286666666666667,103.08242556756424,110.39739629845072
Chari-Baguirmi,Baguirmi,TD0301,TCD0301,2018,0.0,1.2436666666666667,104.2522293685542,116.9136141311027
Chari-Baguirmi,Baguirmi,TD0301,TCD0301,2019,6.000053670743407,0.3004444444444444,114.97163616824372,103.71424826105836
Chari-Baguirmi,Baguirmi,TD0301,TCD0301,2020,2.0000440607660908,4.1434444444444445,93.5462244656524,163.62007095045757
Chari-Baguirmi,Baguirmi,TD0301,TCD0301,2021,7.9998372426399245,0.5938888888888889,104.62829230755936,200.8780733591683
Chari-Baguirmi,Baguirmi,TD0301,TCD0301,2022,4.999969772264238,4.9095555555555555,113.98565949318518,181.02013813218417
Chari-Baguirmi,Baguirmi,TD0301,TCD0301,2023,9.999887252166168,0.0732222222222222,130.86992814990538,102.2210934235644
Chari-Baguirmi,Baguirmi,TD0301,TCD0301,2024,25.999836694700747,2.677222222222222,109.30130433945703,146.49569463447403
Chari-Baguirmi,Baguirmi,TD0301,TCD0301,2025,7.000081652649628,2.760555555555555,129.8830177074984,103.89776907510426
Chari-Baguirmi,Baguirmi,TD0301,TCD0301,2026,22.0,1.1983333333333333,110.21471048446608,86.51982270578502
Chari-Baguirmi,Chari,TD0302,TCD0302,1999,,0.0,122.2875084745444,117.95777103811864
Chari-Baguirmi,Chari,TD0302,TCD0302,2000,,1.028625,127.98623662817296,104.23035203628834
Chari-Baguirmi,Chari,TD0302,TCD0302,2001,,25.738875,104.5796492534033,101.15421339599452
Chari-Baguirmi,Chari,TD0302,TCD0302,2002,,75.445875,73.37577629286797,88.67504768135149
Chari-Baguirmi,Chari,TD0302,TCD0302,2003,,8.74075,105.622026941994,120.21905762889598
Chari-Baguirmi,Chari,TD0302,TCD0302,2004,,2.776625,93.4584696965222,74.03609111527463
Chari-Baguirmi,Chari,TD0302,TCD0302,2005,,2.178125,109.70901806567711,107.69611887027064
Chari-Baguirmi,Chari,TD0302,TCD0302,2006,,36.334125,72.89499505767047,112.66941009810454
Chari-Baguirmi,Chari,TD0302,TCD0302,2007,,20.2385,75.02606973107092,89.65152327787946
Chari-Baguirmi,Chari,TD0302,TCD0302,2008,,1.150875,102.91332801871044,99.14305848511594
Chari-Baguirmi,Chari,TD0302,TCD0302,2009,,17.331125,67.645577505539,91.70236254181889
Chari-Baguirmi,Chari,TD0302,TCD0302,2010,,7.132499999999999,88.68690419489951,111.71842869202776
Chari-Baguirmi,Chari,TD0302,TCD0302,2011,,3.3111249999999997,95.19117261928398,125.11177759445478
Chari-Baguirmi,Chari,TD0302,TCD0302,2012,,0.022125,124.22660591934932,117.0142454801927
Chari-Baguirmi,Chari,TD0302,TCD0302,2013,,4.663,95.78552459817814,106.02817348556091
Chari-Baguirmi,Chari,TD0302,TCD0302,2014,0.0,6.648625,82.08830944110129,88.58148881262011
Chari-Baguirmi,Chari,TD0302,TCD0302,2015,5.000022077102071,3.29725,80.01256234905689,119.26013935220703
Chari-Baguirmi,Chari,TD0302,TCD0302,2016,3.000024722082588,0.1684999999999999,112.39575183384332,115.8451203878965
Chari-Baguirmi,Chari,TD0302,TCD0302,2017,0.0,0.0993749999999999,103.67278771631408,113.63963240263504
Chari-Baguirmi,Chari,TD0302,TCD0302,2018,0.0,0.0562499999999999,103.78685477579846,129.10522606853124
Chari-Baguirmi,Chari,TD0302,TCD0302,2019,2.0000538476035894,0.5772499999999999,113.84964289013226,114.112477482136
Chari-Baguirmi,Chari,TD0302,TCD0302,2020,0.0,0.173625,104.24028159488054,172.2798781089083
Chari-Baguirmi,Chari,TD0302,TCD0302,2021,5.999877978316029,0.68575,99.3893832399878,133.8040939821685
Chari-Baguirmi,Chari,TD0302,TCD0302,2022,11.000006931976516,5.6415,99.15671469923804,153.25664231891307
Chari-Baguirmi,Chari,TD0302,TCD0302,2023,9.000090495397663,0.029375,130.2526523602373,109.56128346413136
Chari-Baguirmi,Chari,TD0302,TCD0302,2024,10.00009695966801,0.0,111.7661961015264,195.9459426957942
Chari-Baguirmi,Chari,TD0302,TCD0302,2025,17.999987516696418,0.21575,134.87366917841902,110.0740534079239
Chari-Baguirmi,Chari,TD0302,TCD0302,2026,7.000000000000001,1.8845,108.12895353084886,91.17492141295536
Chari-Baguirmi,Loug-Chari,TD0303,TCD0303,1999,,0.0,102.35812104726818,121.40803880081042
Chari-Baguirmi,Loug-Chari,TD0303,TCD0303,2000,,3.42998730541699,107.84253340507736,92.98406284957392
Chari-Baguirmi,Loug-Chari,TD0303,TCD0303,2001,,31.155058739930027,88.57482355259039,115.00627384492228
Chari-Baguirmi,Loug-Chari,TD0303,TCD0303,2002,,48.5753693388623,93.74652794212116,85.65864594658348
Chari-Baguirmi,Loug-Chari,TD0303,TCD0303,2003,,2.714504817449419,116.5995282514936,116.6217053731562
Chari-Baguirmi,Loug-Chari,TD0303,TCD0303,2004,,4.552645728920181,108.63678075001955,79.0106442580804
Chari-Baguirmi,Loug-Chari,TD0303,TCD0303,2005,,1.8974542214715904,107.59284532822764,108.15981929571842
Chari-Baguirmi,Loug-Chari,TD0303,TCD0303,2006,,36.66124787150457,78.63247549666214,100.95840275373926
Chari-Baguirmi,Loug-Chari,TD0303,TCD0303,2007,,5.024691822534107,94.93715325946933,82.97896939693763
Chari-Baguirmi,Loug-Chari,TD0303,TCD0303,2008,,0.952626308944557,110.8638236264287,92.84685167768228
Chari-Baguirmi,Loug-Chari,TD0303,TCD0303,2009,,16.880990260517706,89.53182196083418,88.33580743585544
Chari-Baguirmi,Loug-Chari,TD0303,TCD0303,2010,,1.3426191196387176,98.0555977857519,129.927670850809
Chari-Baguirmi,Loug-Chari,TD0303,TCD0303,2011,,4.627864875373336,84.05631473030995,122.82444680706575
Chari-Baguirmi,Loug-Chari,TD0303,TCD0303,2012,,0.0562192295831386,111.92112190404929,114.2902189981481
Chari-Baguirmi,Loug-Chari,TD0303,TCD0303,2013,,3.751704120242505,110.36625546734622,107.3485060960661
Chari-Baguirmi,Loug-Chari,TD0303,TCD0303,2014,0.0,4.145768255501252,83.49500498954478,96.3100186529643
Chari-Baguirmi,Loug-Chari,TD0303,TCD0303,2015,2.999995653440085,12.57476481504031,75.37689223353871,108.49452188099352
Chari-Baguirmi,Loug-Chari,TD0303,TCD0303,2016,2.000048672853527,1.0982556373437875,109.72501008564008,116.37649609019934
Chari-Baguirmi,Loug-Chari,TD0303,TCD0303,2017,0.0,0.7786926162797329,99.26381001058938,110.53386397348956
Chari-Baguirmi,Loug-Chari,TD0303,TCD0303,2018,0.0,1.1960626496655842,101.41904317121528,115.36114323735734
Chari-Baguirmi,Loug-Chari,TD0303,TCD0303,2019,5.000132519035413,0.3141265006770661,113.49770689004784,104.91151626144554
Chari-Baguirmi,Loug-Chari,TD0303,TCD0303,2020,1.9999857905094816,3.9164087553469216,100.13455763919,162.64818097321887
Chari-Baguirmi,Loug-Chari,TD0303,TCD0303,2021,5.000123651754265,0.6387579850635159,96.71826330916184,197.25166800651505
Chari-Baguirmi,Loug-Chari,TD0303,TCD0303,2022,7.999931761574943,4.587155338348632,107.94098005205338,178.90150794773334
Chari-Baguirmi,Loug-Chari,TD0303,TCD0303,2023,7.000117718550852,0.0822541678398352,114.34222715016462,101.92462165662975
Chari-Baguirmi,Loug-Chari,TD0303,TCD0303,2024,22.00000636316491,3.2942486786518748,94.37077996120448,145.10204116862278
Chari-Baguirmi,Loug-Chari,TD0303,TCD0303,2025,25.99990783551712,3.144085351888948,106.80628894000375,103.44476415881589
Chari-Baguirmi,Loug-Chari,TD0303,TCD0303,2026,8.0,2.03963820173302,102.07051366145228,85.60522143153052
Ennedi Est,Am-Djarass,TD2001,TCD2001,1999,,,,
Ennedi Est,Am-Djarass,TD2001,TCD2001,2000,,,,
Ennedi Est,Am-Djarass,TD2001,TCD2001,2001,,,,
Ennedi Est,Am-Djarass,TD2001,TCD2001,2002,,,,
Ennedi Est,Am-Djarass,TD2001,TCD2001,2003,,,,
Ennedi Est,Am-Djarass,TD2001,TCD2001,2004,,,,
Ennedi Est,Am-Djarass,TD2001,TCD2001,2005,,,,
Ennedi Est,Am-Djarass,TD2001,TCD2001,2006,,,,
Ennedi Est,Am-Djarass,TD2001,TCD2001,2007,,,,
Ennedi Est,Am-Djarass,TD2001,TCD2001,2008,,,,
Ennedi Est,Am-Djarass,TD2001,TCD2001,2009,,,,
Ennedi Est,Am-Djarass,TD2001,TCD2001,2010,,,,
Ennedi Est,Am-Djarass,TD2001,TCD2001,2011,,,,
Ennedi Est,Am-Djarass,TD2001,TCD2001,2012,,,,
Ennedi Est,Am-Djarass,TD2001,TCD2001,2013,,,,
Ennedi Est,Am-Djarass,TD2001,TCD2001,2014,0.0,,,
Ennedi Est,Am-Djarass,TD2001,TCD2001,2015,0.0,,,
Ennedi Est,Am-Djarass,TD2001,TCD2001,2016,9.99981019625707,,,
Ennedi Est,Am-Djarass,TD2001,TCD2001,2017,1.9997799416845463,,,
Ennedi Est,Am-Djarass,TD2001,TCD2001,2018,3.999559883369093,,,
Ennedi Est,Am-Djarass,TD2001,TCD2001,2019,2.999619067867932,,,
Ennedi Est,Am-Djarass,TD2001,TCD2001,2020,6.000051348321338,,,
Ennedi Est,Am-Djarass,TD2001,TCD2001,2021,5.000123990510593,,,
Ennedi Est,Am-Djarass,TD2001,TCD2001,2022,10.000319320486009,,,
Ennedi Est,Am-Djarass,TD2001,TCD2001,2023,16.00029776305505,,,
Ennedi Est,Am-Djarass,TD2001,TCD2001,2024,31.00011166114564,,,
Ennedi Est,Am-Djarass,TD2001,TCD2001,2025,18.999424956871767,,,
Ennedi Est,Am-Djarass,TD2001,TCD2001,2026,27.0,,,
Ennedi Est,Wadi Hawar,TD2002,TCD2002,1999,,,,
Ennedi Est,Wadi Hawar,TD2002,TCD2002,2000,,,,
Ennedi Est,Wadi Hawar,TD2002,TCD2002,2001,,,,
Ennedi Est,Wadi Hawar,TD2002,TCD2002,2002,,,,
Ennedi Est,Wadi Hawar,TD2002,TCD2002,2003,,,,
Ennedi Est,Wadi Hawar,TD2002,TCD2002,2004,,,,
Ennedi Est,Wadi Hawar,TD2002,TCD2002,2005,,,,
Ennedi Est,Wadi Hawar,TD2002,TCD2002,2006,,,,
Ennedi Est,Wadi Hawar,TD2002,TCD2002,2007,,,,
Ennedi Est,Wadi Hawar,TD2002,TCD2002,2008,,,,
Ennedi Est,Wadi Hawar,TD2002,TCD2002,2009,,,,
Ennedi Est,Wadi Hawar,TD2002,TCD2002,2010,,,,
Ennedi Est,Wadi Hawar,TD2002,TCD2002,2011,,,,
Ennedi Est,Wadi Hawar,TD2002,TCD2002,2012,,,,
Ennedi Est,Wadi Hawar,TD2002,TCD2002,2013,,,,
Ennedi Est,Wadi Hawar,TD2002,TCD2002,2014,0.0,,,
Ennedi Est,Wadi Hawar,TD2002,TCD2002,2015,1.999776248811322,,,
Ennedi Est,Wadi Hawar,TD2002,TCD2002,2016,10.00027020454484,,,
Ennedi Est,Wadi Hawar,TD2002,TCD2002,2017,3.999477874951051,,,
Ennedi Est,Wadi Hawar,TD2002,TCD2002,2018,4.999347343688814,,,
Ennedi Est,Wadi Hawar,TD2002,TCD2002,2019,23.00047922919767,,,
Ennedi Est,Wadi Hawar,TD2002,TCD2002,2020,7.999512670565302,,,
Ennedi Est,Wadi Hawar,TD2002,TCD2002,2021,5.9990586020240055,,,
Ennedi Est,Wadi Hawar,TD2002,TCD2002,2022,15.99918174379489,,,
Ennedi Est,Wadi Hawar,TD2002,TCD2002,2023,15.001165674077528,,,
Ennedi Est,Wadi Hawar,TD2002,TCD2002,2024,29.000466279513375,,,
Ennedi Est,Wadi Hawar,TD2002,TCD2002,2025,22.99946788915722,,,
Ennedi Est,Wadi Hawar,TD2002,TCD2002,2026,30.0,,,
Ennedi Ouest,Fada,TD2301,TCD2301,1999,,,,
Ennedi Ouest,Fada,TD2301,TCD2301,2000,,,,
Ennedi Ouest,Fada,TD2301,TCD2301,2001,,,,
Ennedi Ouest,Fada,TD2301,TCD2301,2002,,,,
Ennedi Ouest,Fada,TD2301,TCD2301,2003,,,,
Ennedi Ouest,Fada,TD2301,TCD2301,2004,,,,
Ennedi Ouest,Fada,TD2301,TCD2301,2005,,,,
Ennedi Ouest,Fada,TD2301,TCD2301,2006,,,,
Ennedi Ouest,Fada,TD2301,TCD2301,2007,,,,
Ennedi Ouest,Fada,TD2301,TCD2301,2008,,,,
Ennedi Ouest,Fada,TD2301,TCD2301,2009,,,,
Ennedi Ouest,Fada,TD2301,TCD2301,2010,,,,
Ennedi Ouest,Fada,TD2301,TCD2301,2011,,,,
Ennedi Ouest,Fada,TD2301,TCD2301,2012,,,,
Ennedi Ouest,Fada,TD2301,TCD2301,2013,,,,
Ennedi Ouest,Fada,TD2301,TCD2301,2014,0.0,,,
Ennedi Ouest,Fada,TD2301,TCD2301,2015,3.00089312295326,,,
Ennedi Ouest,Fada,TD2301,TCD2301,2016,11.999309723314097,,,
Ennedi Ouest,Fada,TD2301,TCD2301,2017,2.0007410151908114,,,
Ennedi Ouest,Fada,TD2301,TCD2301,2018,2.9992589848091886,,,
Ennedi Ouest,Fada,TD2301,TCD2301,2019,22.999821013066047,,,
Ennedi Ouest,Fada,TD2301,TCD2301,2020,6.999463973855757,,,
Ennedi Ouest,Fada,TD2301,TCD2301,2021,27.0008016567573,,,
Ennedi Ouest,Fada,TD2301,TCD2301,2022,24.0,,,
Ennedi Ouest,Fada,TD2301,TCD2301,2023,28.999880867286155,,,
Ennedi Ouest,Fada,TD2301,TCD2301,2024,25.0,,,
Ennedi Ouest,Fada,TD2301,TCD2301,2025,26.00026141133073,,,
Ennedi Ouest,Fada,TD2301,TCD2301,2026,13.0,,,
Ennedi Ouest,Mourtcha,TD2303,TCD2303,1999,,,,
Ennedi Ouest,Mourtcha,TD2303,TCD2303,2000,,,,
Ennedi Ouest,Mourtcha,TD2303,TCD2303,2001,,,,
Ennedi Ouest,Mourtcha,TD2303,TCD2303,2002,,,,
Ennedi Ouest,Mourtcha,TD2303,TCD2303,2003,,,,
Ennedi Ouest,Mourtcha,TD2303,TCD2303,2004,,,,
Ennedi Ouest,Mourtcha,TD2303,TCD2303,2005,,,,
Ennedi Ouest,Mourtcha,TD2303,TCD2303,2006,,,,
Ennedi Ouest,Mourtcha,TD2303,TCD2303,2007,,,,
Ennedi Ouest,Mourtcha,TD2303,TCD2303,2008,,,,
Ennedi Ouest,Mourtcha,TD2303,TCD2303,2009,,,,
Ennedi Ouest,Mourtcha,TD2303,TCD2303,2010,,,,
Ennedi Ouest,Mourtcha,TD2303,TCD2303,2011,,,,
Ennedi Ouest,Mourtcha,TD2303,TCD2303,2012,,,,
Ennedi Ouest,Mourtcha,TD2303,TCD2303,2013,,,,
Ennedi Ouest,Mourtcha,TD2303,TCD2303,2014,0.0,,,
Ennedi Ouest,Mourtcha,TD2303,TCD2303,2015,1.998389576165727,,,
Ennedi Ouest,Mourtcha,TD2303,TCD2303,2016,20.99996464057141,,,
Ennedi Ouest,Mourtcha,TD2303,TCD2303,2017,2.99955587441495,,,
Ennedi Ouest,Mourtcha,TD2303,TCD2303,2018,4.0005466161046765,,,
Ennedi Ouest,Mourtcha,TD2303,TCD2303,2019,11.998979624374224,,,
Ennedi Ouest,Mourtcha,TD2303,TCD2303,2020,5.001058649163667,,,
Ennedi Ouest,Mourtcha,TD2303,TCD2303,2021,30.000923958237085,,,
Ennedi Ouest,Mourtcha,TD2303,TCD2303,2022,27.00178465199286,,,
Ennedi Ouest,Mourtcha,TD2303,TCD2303,2023,27.000907015294157,,,
Ennedi Ouest,Mourtcha,TD2303,TCD2303,2024,24.000110944694068,,,
Ennedi Ouest,Mourtcha,TD2303,TCD2303,2025,27.001981895120252,,,
Ennedi Ouest,Mourtcha,TD2303,TCD2303,2026,23.000000000000004,,,
Guéra,Abtouyour,TD0402,TCD0402,1999,,0.0,118.7332625944566,120.91065678124768
Guéra,Abtouyour,TD0402,TCD0402,2000,,5.1466666666666665,114.96711050537318,97.41612371751664
Guéra,Abtouyour,TD0402,TCD0402,2001,,11.973333333333334,93.84659646248838,96.52456376844157
Guéra,Abtouyour,TD0402,TCD0402,2002,,39.43988888888889,85.19282342752213,83.8628023665094
Guéra,Abtouyour,TD0402,TCD0402,2003,,1.1517777777777778,103.54560478898816,107.5441848273796
Guéra,Abtouyour,TD0402,TCD0402,2004,,0.1986666666666666,107.29217981589,80.96513892009287
Guéra,Abtouyour,TD0402,TCD0402,2005,,2.2063333333333333,105.1670489105078,96.53748221373472
Guéra,Abtouyour,TD0402,TCD0402,2006,,64.24055555555555,70.35831849441773,105.04156369355202
Guéra,Abtouyour,TD0402,TCD0402,2007,,3.703333333333333,89.64143604824177,79.16198607054595
Guéra,Abtouyour,TD0402,TCD0402,2008,,0.0932222222222222,101.95520403653558,95.12993334831124
Guéra,Abtouyour,TD0402,TCD0402,2009,,2.807111111111111,84.6093918390517,86.89882423425448
Guéra,Abtouyour,TD0402,TCD0402,2010,,0.4653333333333333,90.6506505755912,136.61068673706282
Guéra,Abtouyour,TD0402,TCD0402,2011,,2.136111111111111,82.52878186473879,95.580955590504
Guéra,Abtouyour,TD0402,TCD0402,2012,,0.023,123.23972609319328,127.5829401632592
Guéra,Abtouyour,TD0402,TCD0402,2013,,0.6153333333333334,102.77264008358031,104.10375945480416
Guéra,Abtouyour,TD0402,TCD0402,2014,3.000149525137105,1.7461111111111112,78.24108233903334,101.8179435332884
Guéra,Abtouyour,TD0402,TCD0402,2015,9.999855298254417,6.843555555555556,67.86005824813166,126.29072118625028
Guéra,Abtouyour,TD0402,TCD0402,2016,11.000085519712291,0.0043333333333333,94.85504100818662,121.90818542649592
Guéra,Abtouyour,TD0402,TCD0402,2017,7.000013503112468,0.0384444444444444,104.98379635283996,127.541563693552
Guéra,Abtouyour,TD0402,TCD0402,2018,23.000117416319128,0.6854444444444445,106.774638744105,129.98895379315508
Guéra,Abtouyour,TD0402,TCD0402,2019,1.9999747902337368,0.2115555555555555,112.82815606520494,116.5378566614244
Guéra,Abtouyour,TD0402,TCD0402,2020,17.00007306796132,0.7237777777777777,88.93717692473734,186.36336403804387
Guéra,Abtouyour,TD0402,TCD0402,2021,8.000125455265398,0.5045555555555556,104.74471493586964,184.7770164008088
Guéra,Abtouyour,TD0402,TCD0402,2022,11.000132518031917,0.0312222222222222,128.97390169326707,202.25417509173968
Guéra,Abtouyour,TD0402,TCD0402,2023,12.000181175831145,0.0057777777777777,135.80144508739284,107.04691829551412
Guéra,Abtouyour,TD0402,TCD0402,2024,11.999959089886335,0.5062222222222222,101.49921306065548,112.77315958960534
Guéra,Abtouyour,TD0402,TCD0402,2025,16.999856814602182,0.3602222222222222,119.9792693521898,109.11518010933874
Guéra,Abtouyour,TD0402,TCD0402,2026,25.0,0.2952222222222222,94.3862917092805,88.25750767617764
Guéra,Barh-Signaka,TD0403,TCD0403,1999,,0.0,103.65005971377028,120.91065678124768
Guéra,Barh-Signaka,TD0403,TCD0403,2000,,5.1466666666666665,103.19294651351744,97.41612371751664
Guéra,Barh-Signaka,TD0403,TCD0403,2001,,11.973333333333334,96.71499111381128,96.52456376844157
Guéra,Barh-Signaka,TD0403,TCD0403,2002,,39.43988888888889,94.30827409273924,83.8628023665094
Guéra,Barh-Signaka,TD0403,TCD0403,2003,,1.1517777777777778,115.3884390967764,107.5441848273796
Guéra,Barh-Signaka,TD0403,TCD0403,2004,,0.1986666666666666,112.739873765455,80.96513892009287
Guéra,Barh-Signaka,TD0403,TCD0403,2005,,2.2063333333333333,104.9858579726801,96.53748221373472
Guéra,Barh-Signaka,TD0403,TCD0403,2006,,64.24055555555555,89.75918768889409,105.04156369355202
Guéra,Barh-Signaka,TD0403,TCD0403,2007,,3.703333333333333,93.69045728872368,79.16198607054595
Guéra,Barh-Signaka,TD0403,TCD0403,2008,,0.0932222222222222,111.13798844036717,95.12993334831124
Guéra,Barh-Signaka,TD0403,TCD0403,2009,,2.807111111111111,85.76793844538774,86.89882423425448
Guéra,Barh-Signaka,TD0403,TCD0403,2010,,0.4653333333333333,95.53855744233172,136.61068673706282
Guéra,Barh-Signaka,TD0403,TCD0403,2011,,2.136111111111111,86.29037600481423,95.580955590504
Guéra,Barh-Signaka,TD0403,TCD0403,2012,,0.023,120.70395569686652,127.5829401632592
Guéra,Barh-Signaka,TD0403,TCD0403,2013,,0.6153333333333334,105.69185347613391,104.10375945480416
Guéra,Barh-Signaka,TD0403,TCD0403,2014,4.999688104297922,1.7461111111111112,84.15413922710093,101.8179435332884
Guéra,Barh-Signaka,TD0403,TCD0403,2015,8.000124758280831,6.843555555555556,70.87216858052342,126.29072118625028
Guéra,Barh-Signaka,TD0403,TCD0403,2016,5.00030126833971,0.0043333333333333,105.48246225663044,121.90818542649592
Guéra,Barh-Signaka,TD0403,TCD0403,2017,2.0002619477268757,0.0384444444444444,100.5420803335128,127.541563693552
Guéra,Barh-Signaka,TD0403,TCD0403,2018,0.999683644416324,0.6854444444444445,100.3495341136784,129.98895379315508
Guéra,Barh-Signaka,TD0403,TCD0403,2019,1.0,0.2115555555555555,109.167237505311,116.5378566614244
Guéra,Barh-Signaka,TD0403,TCD0403,2020,10.0,0.7237777777777777,96.93125162171458,186.36336403804387
Guéra,Barh-Signaka,TD0403,TCD0403,2021,8.000177457790397,0.5045555555555556,95.95408802223842,184.7770164008088
Guéra,Barh-Signaka,TD0403,TCD0403,2022,3.99992655069838,0.0312222222222222,108.36532403612982,202.25417509173968
Guéra,Barh-Signaka,TD0403,TCD0403,2023,16.00035146296459,0.0057777777777777,117.43760602733066,107.04691829551412
Guéra,Barh-Signaka,TD0403,TCD0403,2024,22.999651840394502,0.5062222222222222,91.1833515235606,112.77315958960534
Guéra,Barh-Signaka,TD0403,TCD0403,2025,13.0,0.3602222222222222,102.43253331240648,109.11518010933874
Guéra,Barh-Signaka,TD0403,TCD0403,2026,25.0,0.2952222222222222,98.97638724999295,88.25750767617764
Guéra,Guéra,TD0401,TCD0401,1999,,0.0,120.27587465792786,120.91065678124768
Guéra,Guéra,TD0401,TCD0401,2000,,5.1466666666666665,113.81757841786198,97.41612371751664
Guéra,Guéra,TD0401,TCD0401,2001,,11.973333333333334,95.15695392284915,96.52456376844157
Guéra,Guéra,TD0401,TCD0401,2002,,39.43988888888889,86.30411973234611,83.8628023665094
Guéra,Guéra,TD0401,TCD0401,2003,,1.1517777777777778,114.94209338434212,107.5441848273796
Guéra,Guéra,TD0401,TCD0401,2004,,0.1986666666666666,111.65375570847024,80.96513892009287
Guéra,Guéra,TD0401,TCD0401,2005,,2.2063333333333333,110.95008153723596,96.53748221373472
Guéra,Guéra,TD0401,TCD0401,2006,,64.24055555555555,74.02055379907281,105.04156369355202
Guéra,Guéra,TD0401,TCD0401,2007,,3.703333333333333,95.24567494950244,79.16198607054595
Guéra,Guéra,TD0401,TCD0401,2008,,0.0932222222222222,109.06310062620165,95.12993334831124
Guéra,Guéra,TD0401,TCD0401,2009,,2.807111111111111,90.68120920775048,86.89882423425448
Guéra,Guéra,TD0401,TCD0401,2010,,0.4653333333333333,96.6700886105358,136.61068673706282
Guéra,Guéra,TD0401,TCD0401,2011,,2.136111111111111,86.46640154520598,95.580955590504
Guéra,Guéra,TD0401,TCD0401,2012,,0.023,131.18850332163936,127.5829401632592
Guéra,Guéra,TD0401,TCD0401,2013,,0.6153333333333334,100.81134859679192,104.10375945480416
Guéra,Guéra,TD0401,TCD0401,2014,9.000056197665923,1.7461111111111112,80.40971592032325,101.8179435332884
Guéra,Guéra,TD0401,TCD0401,2015,12.000074930221231,6.843555555555556,70.04120889296384,126.29072118625028
Guéra,Guéra,TD0401,TCD0401,2016,9.999825193161556,0.0043333333333333,96.34979674817336,121.90818542649592
Guéra,Guéra,TD0401,TCD0401,2017,7.000139845470754,0.0384444444444444,97.03218317217777,127.541563693552
Guéra,Guéra,TD0401,TCD0401,2018,21.00009711320444,0.6854444444444445,99.83902494610535,129.98895379315508
Guéra,Guéra,TD0401,TCD0401,2019,3.999918410639253,0.2115555555555555,103.18824439226196,116.5378566614244
Guéra,Guéra,TD0401,TCD0401,2020,11.99984236142584,0.7237777777777777,90.13648244517256,186.36336403804387
Guéra,Guéra,TD0401,TCD0401,2021,11.999969548055072,0.5045555555555556,95.36083316126889,184.7770164008088
Guéra,Guéra,TD0401,TCD0401,2022,12.000044113754669,0.0312222222222222,116.81698522577511,202.25417509173968
Guéra,Guéra,TD0401,TCD0401,2023,17.000158316915286,0.0057777777777777,123.46188907698262,107.04691829551412
Guéra,Guéra,TD0401,TCD0401,2024,23.999808034444108,0.5062222222222222,90.11629800106148,112.77315958960534
Guéra,Guéra,TD0401,TCD0401,2025,21.000000000000004,0.3602222222222222,112.09547887847428,109.11518010933874
Guéra,Guéra,TD0401,TCD0401,2026,20.999999999999996,0.2952222222222222,83.23915160333424,88.25750767617764
Guéra,Mangalmé,TD0404,TCD0404,1999,,0.0,128.74068651572296,120.91065678124768
Guéra,Mangalmé,TD0404,TCD0404,2000,,5.1466666666666665,113.37381881128957,97.41612371751664
Guéra,Mangalmé,TD0404,TCD0404,2001,,11.973333333333334,94.23446000720284,96.52456376844157
Guéra,Mangalmé,TD0404,TCD0404,2002,,39.43988888888889,83.8495256264369,83.8628023665094
Guéra,Mangalmé,TD0404,TCD0404,2003,,1.1517777777777778,127.2515974107487,107.5441848273796
Guéra,Mangalmé,TD0404,TCD0404,2004,,0.1986666666666666,109.81842606853655,80.96513892009287
Guéra,Mangalmé,TD0404,TCD0404,2005,,2.2063333333333333,114.97901473326286,96.53748221373472
Guéra,Mangalmé,TD0404,TCD0404,2006,,64.24055555555555,64.5242812542911,105.04156369355202
Guéra,Mangalmé,TD0404,TCD0404,2007,,3.703333333333333,91.93394040221403,79.16198607054595
Guéra,Mangalmé,TD0404,TCD0404,2008,,0.0932222222222222,111.38455266087612,95.12993334831124
Guéra,Mangalmé,TD0404,TCD0404,2009,,2.807111111111111,95.04676449559604,86.89882423425448
Guéra,Mangalmé,TD0404,TCD0404,2010,,0.4653333333333333,105.12199873344636,136.61068673706282
Guéra,Mangalmé,TD0404,TCD0404,2011,,2.136111111111111,76.7220840249943,95.580955590504
Guéra,Mangalmé,TD0404,TCD0404,2012,,0.023,133.14638442302663,127.5829401632592
Guéra,Mangalmé,TD0404,TCD0404,2013,,0.6153333333333334,98.22567137593114,104.10375945480416
Guéra,Mangalmé,TD0404,TCD0404,2014,10.000170186694804,1.7461111111111112,83.7529601561231,101.8179435332884
Guéra,Mangalmé,TD0404,TCD0404,2015,11.00001701866948,6.843555555555556,66.10589686289744,126.29072118625028
Guéra,Mangalmé,TD0404,TCD0404,2016,25.0,0.0043333333333333,104.39761248682102,121.90818542649592
Guéra,Mangalmé,TD0404,TCD0404,2017,20.000158813346676,0.0384444444444444,83.36510888111911,127.541563693552
Guéra,Mangalmé,TD0404,TCD0404,2018,25.0,0.6854444444444445,93.39727268657457,129.98895379315508
Guéra,Mangalmé,TD0404,TCD0404,2019,5.999644201974679,0.2115555555555555,87.03769001262619,116.5378566614244
Guéra,Mangalmé,TD0404,TCD0404,2020,10.0,0.7237777777777777,95.19989153593828,186.36336403804387
Guéra,Mangalmé,TD0404,TCD0404,2021,20.99970259297428,0.5045555555555556,96.05208054190253,184.7770164008088
Guéra,Mangalmé,TD0404,TCD0404,2022,20.999933204194775,0.0312222222222222,124.92221748003172,202.25417509173968
Guéra,Mangalmé,TD0404,TCD0404,2023,12.999850511996414,0.0057777777777777,115.68243372249955,107.04691829551412
Guéra,Mangalmé,TD0404,TCD0404,2024,27.99955153878255,0.5062222222222222,101.73362908989048,112.77315958960534
Guéra,Mangalmé,TD0404,TCD0404,2025,26.000192460365195,0.3602222222222222,122.40905632432448,109.11518010933874
Guéra,Mangalmé,TD0404,TCD0404,2026,22.0,0.2952222222222222,75.29483872969904,88.25750767617764
Hadjer-Lamis,Dababa,TD0502,TCD0502,1999,,0.0,128.56904904452497,125.8855297623862
Hadjer-Lamis,Dababa,TD0502,TCD0502,2000,,6.473625,114.37663945692616,102.6986388589893
Hadjer-Lamis,Dababa,TD0502,TCD0502,2001,,30.938625,87.79240401127784,102.5150932556842
Hadjer-Lamis,Dababa,TD0502,TCD0502,2002,,65.0745,69.84966376813313,80.69203951311677
Hadjer-Lamis,Dababa,TD0502,TCD0502,2003,,7.506625,113.238601957019,118.15857095748586
Hadjer-Lamis,Dababa,TD0502,TCD0502,2004,,3.83875,94.37622828424507,83.2882246681143
Hadjer-Lamis,Dababa,TD0502,TCD0502,2005,,4.413625,117.17171258914443,99.75568732125043
Hadjer-Lamis,Dababa,TD0502,TCD0502,2006,,73.980125,64.08786701653084,102.7081790824379
Hadjer-Lamis,Dababa,TD0502,TCD0502,2007,,9.411875,81.5196200708086,87.4116751595395
Hadjer-Lamis,Dababa,TD0502,TCD0502,2008,,0.714375,103.59201143481374,98.89229709914989
Hadjer-Lamis,Dababa,TD0502,TCD0502,2009,,1.90375,79.91622457200029,97.03879760001162
Hadjer-Lamis,Dababa,TD0502,TCD0502,2010,,0.334625,108.79158300268688,138.96642048742248
Hadjer-Lamis,Dababa,TD0502,TCD0502,2011,,1.64125,79.01740815136208,105.22285754579823
Hadjer-Lamis,Dababa,TD0502,TCD0502,2012,,0.17275,116.29761107373815,101.1122656164125
Hadjer-Lamis,Dababa,TD0502,TCD0502,2013,,0.7865,91.17713637557772,99.21438333862194
Hadjer-Lamis,Dababa,TD0502,TCD0502,2014,9.99982323723331,9.58975,71.89112798668403,94.60272228202145
Hadjer-Lamis,Dababa,TD0502,TCD0502,2015,15.000088381383344,12.50825,69.9789317863065,125.06092262256595
Hadjer-Lamis,Dababa,TD0502,TCD0502,2016,6.999996585200943,0.173875,98.81250799655572,117.0732668421238
Hadjer-Lamis,Dababa,TD0502,TCD0502,2017,4.00002639192671,0.09675,96.64347407986128,123.2084601042373
Hadjer-Lamis,Dababa,TD0502,TCD0502,2018,2.999964938786308,0.157,117.9251223736439,139.14498858284128
Hadjer-Lamis,Dababa,TD0502,TCD0502,2019,2.9999762001094794,0.149125,100.0169396242867,113.90487567637072
Hadjer-Lamis,Dababa,TD0502,TCD0502,2020,5.999952400218959,2.27525,95.90704234576783,157.22018628323264
Hadjer-Lamis,Dababa,TD0502,TCD0502,2021,21.99987931415961,0.498125,110.25224408723622,179.3512233262611
Hadjer-Lamis,Dababa,TD0502,TCD0502,2022,16.0,0.78725,122.4291781015384,161.37163525651798
Hadjer-Lamis,Dababa,TD0502,TCD0502,2023,10.999953420729844,0.0289999999999999,137.46715880134704,107.25782868662232
Hadjer-Lamis,Dababa,TD0502,TCD0502,2024,30.99997671042519,0.075875,128.9025120079829,132.76921577289292
Hadjer-Lamis,Dababa,TD0502,TCD0502,2025,24.0000099949026,0.24125,140.37093585967938,108.20894748521783
Hadjer-Lamis,Dababa,TD0502,TCD0502,2026,10.0,1.2032500000000002,89.95719727778999,87.96500811955974
Hadjer-Lamis,Dagana,TD0501,TCD0501,1999,,0.0,119.51068414686132,117.95777103811864
Hadjer-Lamis,Dagana,TD0501,TCD0501,2000,,1.028625,111.45653050160864,104.23035203628834
Hadjer-Lamis,Dagana,TD0501,TCD0501,2001,,25.738875,84.07101915244372,101.15421339599452
Hadjer-Lamis,Dagana,TD0501,TCD0501,2002,,75.445875,60.851393682524055,88.67504768135149
Hadjer-Lamis,Dagana,TD0501,TCD0501,2003,,8.74075,130.42174957688545,120.21905762889598
Hadjer-Lamis,Dagana,TD0501,TCD0501,2004,,2.776625,85.10776992989872,74.03609111527463
Hadjer-Lamis,Dagana,TD0501,TCD0501,2005,,2.178125,127.05315627439631,107.69611887027064
Hadjer-Lamis,Dagana,TD0501,TCD0501,2006,,36.334125,66.90744779472631,112.66941009810454
Hadjer-Lamis,Dagana,TD0501,TCD0501,2007,,20.2385,89.96894513814254,89.65152327787946
Hadjer-Lamis,Dagana,TD0501,TCD0501,2008,,1.150875,98.38675652638628,99.14305848511594
Hadjer-Lamis,Dagana,TD0501,TCD0501,2009,,17.331125,69.86640213360296,91.70236254181889
Hadjer-Lamis,Dagana,TD0501,TCD0501,2010,,7.132499999999999,110.8640986783238,111.71842869202776
Hadjer-Lamis,Dagana,TD0501,TCD0501,2011,,3.3111249999999997,56.23762834911468,125.11177759445478
Hadjer-Lamis,Dagana,TD0501,TCD0501,2012,,0.022125,121.52018579626778,117.0142454801927
Hadjer-Lamis,Dagana,TD0501,TCD0501,2013,,4.663,81.56538950709641,106.02817348556091
Hadjer-Lamis,Dagana,TD0501,TCD0501,2014,8.000137208913435,6.648625,79.44971682686679,88.58148881262011
Hadjer-Lamis,Dagana,TD0501,TCD0501,2015,12.000205813370153,3.29725,81.06818648254652,119.26013935220703
Hadjer-Lamis,Dagana,TD0501,TCD0501,2016,3.0001120340583536,0.1684999999999999,102.02915719170568,115.8451203878965
Hadjer-Lamis,Dagana,TD0501,TCD0501,2017,1.999807941614251,0.0993749999999999,74.85282636362204,113.63963240263504
Hadjer-Lamis,Dagana,TD0501,TCD0501,2018,0.0,0.05625,128.683411283322,129.10522606853124
Hadjer-Lamis,Dagana,TD0501,TCD0501,2019,2.9998953608786803,0.5772499999999999,100.71822367580008,114.112477482136
Hadjer-Lamis,Dagana,TD0501,TCD0501,2020,6.000151546313636,0.173625,121.5767135650774,172.2798781089083
Hadjer-Lamis,Dagana,TD0501,TCD0501,2021,12.999853624875406,0.68575,108.75852969476524,133.8040939821685
Hadjer-Lamis,Dagana,TD0501,TCD0501,2022,28.000013463163103,5.6415,131.58800625356938,153.25664231891307
Hadjer-Lamis,Dagana,TD0501,TCD0501,2023,22.000139193143745,0.029375,124.48855204009632,109.56128346413136
Hadjer-Lamis,Dagana,TD0501,TCD0501,2024,15.000094156638983,0.0,132.9975194343496,195.9459426957942
Hadjer-Lamis,Dagana,TD0501,TCD0501,2025,26.99997272454518,0.21575,158.9284364974747,110.0740534079239
Hadjer-Lamis,Dagana,TD0501,TCD0501,2026,13.999999999999998,1.8845,91.55500343463147,91.17492141295536
Hadjer-Lamis,Haraze-Al-Biar,TD0503,TCD0503,1999,,0.0,133.92585471429476,117.95777103811864
Hadjer-Lamis,Haraze-Al-Biar,TD0503,TCD0503,2000,,1.028625,129.24590969109346,104.23035203628834
Hadjer-Lamis,Haraze-Al-Biar,TD0503,TCD0503,2001,,25.738875,96.34318027035576,101.15421339599452
Hadjer-Lamis,Haraze-Al-Biar,TD0503,TCD0503,2002,,75.445875,65.16823494731943,88.67504768135149
Hadjer-Lamis,Haraze-Al-Biar,TD0503,TCD0503,2003,,8.74075,127.23585459147915,120.21905762889598
Hadjer-Lamis,Haraze-Al-Biar,TD0503,TCD0503,2004,,2.776625,100.82373421232482,74.03609111527463
Hadjer-Lamis,Haraze-Al-Biar,TD0503,TCD0503,2005,,2.178125,118.52245024540647,107.69611887027064
Hadjer-Lamis,Haraze-Al-Biar,TD0503,TCD0503,2006,,36.334125,69.94803996707756,112.66941009810454
Hadjer-Lamis,Haraze-Al-Biar,TD0503,TCD0503,2007,,20.2385,86.87554104098443,89.65152327787946
Hadjer-Lamis,Haraze-Al-Biar,TD0503,TCD0503,2008,,1.150875,102.3030847052526,99.14305848511594
Hadjer-Lamis,Haraze-Al-Biar,TD0503,TCD0503,2009,,17.331125,69.8535917456547,91.70236254181889
Hadjer-Lamis,Haraze-Al-Biar,TD0503,TCD0503,2010,,7.132499999999999,114.4382685990282,111.71842869202776
Hadjer-Lamis,Haraze-Al-Biar,TD0503,TCD0503,2011,,3.3111249999999997,60.02790550298484,125.11177759445478
Hadjer-Lamis,Haraze-Al-Biar,TD0503,TCD0503,2012,,0.022125,127.20109624107194,117.0142454801927
Hadjer-Lamis,Haraze-Al-Biar,TD0503,TCD0503,2013,,4.663,91.26917414487303,106.02817348556091
Hadjer-Lamis,Haraze-Al-Biar,TD0503,TCD0503,2014,0.0,6.648625,70.4663440084935,88.58148881262011
Hadjer-Lamis,Haraze-Al-Biar,TD0503,TCD0503,2015,19.000236783192697,3.29725,72.94498341991236,119.26013935220703
Hadjer-Lamis,Haraze-Al-Biar,TD0503,TCD0503,2016,5.000025990362773,0.1684999999999999,97.52867853909024,115.8451203878965
Hadjer-Lamis,Haraze-Al-Biar,TD0503,TCD0503,2017,2.0001807846051864,0.0993749999999999,89.38772476556265,113.63963240263504
Hadjer-Lamis,Haraze-Al-Biar,TD0503,TCD0503,2018,0.0,0.05625,117.17938908926864,129.10522606853124
Hadjer-Lamis,Haraze-Al-Biar,TD0503,TCD0503,2019,1.8999446845613672,0.5772499999999999,88.8560116915541,114.112477482136
Hadjer-Lamis,Haraze-Al-Biar,TD0503,TCD0503,2020,5.000022642979092,0.173625,113.38272987539509,172.2798781089083
Hadjer-Lamis,Haraze-Al-Biar,TD0503,TCD0503,2021,8.0001749628204,0.68575,104.29160899817488,133.8040939821685
Hadjer-Lamis,Haraze-Al-Biar,TD0503,TCD0503,2022,4.999873271208063,5.6415,94.76341767878458,153.25664231891307
Hadjer-Lamis,Haraze-Al-Biar,TD0503,TCD0503,2023,15.999842435940362,0.029375,126.06076814581822,109.56128346413136
Hadjer-Lamis,Haraze-Al-Biar,TD0503,TCD0503,2024,21.99988182695527,0.0,131.95642316874384,195.9459426957942
Hadjer-Lamis,Haraze-Al-Biar,TD0503,TCD0503,2025,12.00001521444764,0.21575,147.60137993597314,110.0740534079239
Hadjer-Lamis,Haraze-Al-Biar,TD0503,TCD0503,2026,15.0,1.8845,85.61571044908656,91.17492141295536
Kanem,Kanem,TD0601,TCD0601,1999,,0.0,100.57712736128106,116.96390112535246
Kanem,Kanem,TD0601,TCD0601,2000,,4.610714285714286,53.88630821075295,86.03715943518817
Kanem,Kanem,TD0601,TCD0601,2001,,39.90942857142857,89.66000619673179,94.06991012382858
Kanem,Kanem,TD0601,TCD0601,2002,,91.962,61.36810755408728,88.35048449156437
Kanem,Kanem,TD0601,TCD0601,2003,,1.8632857142857144,128.5912188925836,136.28890682631783
Kanem,Kanem,TD0601,TCD0601,2004,,1.1584285714285714,56.95676176132094,82.82434873257587
Kanem,Kanem,TD0601,TCD0601,2005,,0.0,124.90719479423198,141.7679869981793
Kanem,Kanem,TD0601,TCD0601,2006,,23.082142857142856,43.09358400217928,105.21412101973075
Kanem,Kanem,TD0601,TCD0601,2007,,7.969857142857143,96.29719667323288,105.29302961968229
Kanem,Kanem,TD0601,TCD0601,2008,,1.5487142857142857,76.93987841990237,90.19180581245092
Kanem,Kanem,TD0601,TCD0601,2009,,0.2134285714285714,44.00680039373987,94.37758127042844
Kanem,Kanem,TD0601,TCD0601,2010,,1.5562857142857145,128.87621125144767,90.13606304000812
Kanem,Kanem,TD0601,TCD0601,2011,,9.449285714285717,28.211071345874632,123.40436313882483
Kanem,Kanem,TD0601,TCD0601,2012,,0.947,144.77327492856432,117.03774220053644
Kanem,Kanem,TD0601,TCD0601,2013,,6.949857142857143,88.17834401330013,81.78984974789064
Kanem,Kanem,TD0601,TCD0601,2014,17.000052723150734,3.194,66.62390589547373,114.64478461209906
Kanem,Kanem,TD0601,TCD0601,2015,23.999796292523936,0.8578571428571429,78.67911528663825,98.17569108369015
Kanem,Kanem,TD0601,TCD0601,2016,26.99989814626197,0.0,117.51743723189088,133.15174702916363
Kanem,Kanem,TD0601,TCD0601,2017,20.000196799063236,0.0,108.8203149889325,99.58446296906276
Kanem,Kanem,TD0601,TCD0601,2018,25.99990492941009,0.0,132.5324969523883,182.61259859050415
Kanem,Kanem,TD0601,TCD0601,2019,15.999893517429866,0.0702857142857142,125.08841342069108,119.82017526396372
Kanem,Kanem,TD0601,TCD0601,2020,23.9998402761448,0.0,128.72446130331073,202.7393591029033
Kanem,Kanem,TD0601,TCD0601,2021,22.000186344497735,0.0,110.91180416845674,152.09198281385173
Kanem,Kanem,TD0601,TCD0601,2022,26.00009932705917,0.9118571428571428,147.54696104659072,162.20603831772655
Kanem,Kanem,TD0601,TCD0601,2023,22.999945970561676,0.0,142.4041457364777,130.82647709297822
Kanem,Kanem,TD0601,TCD0601,2024,42.00000771846141,0.0,174.8278581699186,197.7380741234087
Kanem,Kanem,TD0601,TCD0601,2025,37.99976895758881,0.304,108.39748500290268,118.31548237406297
Kanem,Kanem,TD0601,TCD0601,2026,28.000000000000004,2.3537142857142856,35.88328513882841,83.13021004890162
Kanem,Nord Kanem,TD0602,TCD0602,1999,,0.0,80.02554703576752,118.1218947542361
Kanem,Nord Kanem,TD0602,TCD0602,2000,,5.930418828847364,35.40975529970454,83.80584203206354
Kanem,Nord Kanem,TD0602,TCD0602,2001,,42.06920860181736,55.15354869683555,93.35270162426764
Kanem,Nord Kanem,TD0602,TCD0602,2002,,90.5646166371398,42.738671822212574,89.22386312540668
Kanem,Nord Kanem,TD0602,TCD0602,2003,,1.6981944896318606,110.73046473292378,135.00492044812282
Kanem,Nord Kanem,TD0602,TCD0602,2004,,1.3803391250306076,19.27704738524773,82.3467754556538
Kanem,Nord Kanem,TD0602,TCD0602,2005,,0.0,118.66202820684192,138.963421076477
Kanem,Nord Kanem,TD0602,TCD0602,2006,,24.9316253047371,26.423211166580508,104.69780623209265
Kanem,Nord Kanem,TD0602,TCD0602,2007,,7.55580637686183,88.32367919479674,103.46987919521868
Kanem,Nord Kanem,TD0602,TCD0602,2008,,3.5535290578467604,36.83236784678204,92.69654238670972
Kanem,Nord Kanem,TD0602,TCD0602,2009,,1.711793134188203,35.63196467666037,95.61692019434604
Kanem,Nord Kanem,TD0602,TCD0602,2010,,1.418395366867246,93.396810233601,91.15989686679484
Kanem,Nord Kanem,TD0602,TCD0602,2011,,11.630368246483323,40.909466912771144,123.7208525218501
Kanem,Nord Kanem,TD0602,TCD0602,2012,,0.863093710938404,178.16383992706392,117.9577656852446
Kanem,Nord Kanem,TD0602,TCD0602,2013,,9.514688486605436,56.67789793473409,82.80403914925849
Kanem,Nord Kanem,TD0602,TCD0602,2014,18.00030185463036,6.497280100746716,47.4109517935599,114.61044096383692
Kanem,Nord Kanem,TD0602,TCD0602,2015,21.999639828146577,2.2179769493743926,66.24464362765654,98.1147286384112
Kanem,Nord Kanem,TD0602,TCD0602,2016,24.000308718731507,0.0,136.0875670514046,131.20379666342333
Kanem,Nord Kanem,TD0602,TCD0602,2017,23.00006627783669,0.0,81.36967159238812,103.8660770607226
Kanem,Nord Kanem,TD0602,TCD0602,2018,24.99959977587449,0.0,146.11749112028048,181.01313467692836
Kanem,Nord Kanem,TD0602,TCD0602,2019,12.999626447515874,0.1289656895594446,52.05360384797979,118.18215254465616
Kanem,Nord Kanem,TD0602,TCD0602,2020,30.0,1.06087218455402,170.91690815075862,199.9405973141114
Kanem,Nord Kanem,TD0602,TCD0602,2021,22.999626447515876,0.6491124184561504,117.16005348037106,150.19310150934146
Kanem,Nord Kanem,TD0602,TCD0602,2022,25.0,0.8310645884627897,208.56416184668535,160.97554702027807
Kanem,Nord Kanem,TD0602,TCD0602,2023,24.00036391757267,0.0,101.26765301652748,128.85180521419576
Kanem,Nord Kanem,TD0602,TCD0602,2024,39.00051988562516,0.0,454.4509933998645,194.7044663123645
Kanem,Nord Kanem,TD0602,TCD0602,2025,35.000188250649465,0.27706492938255,200.97249248195243,117.25498460428052
Kanem,Nord Kanem,TD0602,TCD0602,2026,30.0,2.60129416413408,30.424090408001874,83.36589642888168
Kanem,Wadi Bissam,TD0603,TCD0603,1999,,0.0,126.00358620979446,116.96390112535246
Kanem,Wadi Bissam,TD0603,TCD0603,2000,,4.610714285714286,93.90205543582682,86.03715943518817
Kanem,Wadi Bissam,TD0603,TCD0603,2001,,39.90942857142857,105.05092617472162,94.06991012382858
Kanem,Wadi Bissam,TD0603,TCD0603,2002,,91.962,67.90147348377079,88.35048449156437
Kanem,Wadi Bissam,TD0603,TCD0603,2003,,1.8632857142857144,157.0055134768377,136.28890682631783
Kanem,Wadi Bissam,TD0603,TCD0603,2004,,1.1584285714285714,78.04667022058432,82.82434873257587
Kanem,Wadi Bissam,TD0603,TCD0603,2005,,0.0,143.05423727171137,141.7679869981793
Kanem,Wadi Bissam,TD0603,TCD0603,2006,,23.082142857142856,75.79124034435429,105.21412101973075
Kanem,Wadi Bissam,TD0603,TCD0603,2007,,7.969857142857143,95.70709421228771,105.29302961968229
Kanem,Wadi Bissam,TD0603,TCD0603,2008,,1.5487142857142857,76.06674049578129,90.19180581245092
Kanem,Wadi Bissam,TD0603,TCD0603,2009,,0.2134285714285714,72.66939037801235,94.37758127042844
Kanem,Wadi Bissam,TD0603,TCD0603,2010,,1.5562857142857145,104.95940797185182,90.13606304000812
Kanem,Wadi Bissam,TD0603,TCD0603,2011,,9.449285714285717,60.3678118374642,123.40436313882483
Kanem,Wadi Bissam,TD0603,TCD0603,2012,,0.947,110.38727435516576,117.03774220053644
Kanem,Wadi Bissam,TD0603,TCD0603,2013,,6.949857142857143,88.630300880286,81.78984974789064
Kanem,Wadi Bissam,TD0603,TCD0603,2014,13.99976472504502,3.194,67.54709560878173,114.64478461209906
Kanem,Wadi Bissam,TD0603,TCD0603,2015,23.00034088823236,0.8578571428571429,72.97873308278622,98.17569108369015
Kanem,Wadi Bissam,TD0603,TCD0603,2016,25.000218518097668,0.0,110.61044708363195,133.15174702916363
Kanem,Wadi Bissam,TD0603,TCD0603,2017,20.0003377722233,0.0,58.79801992802709,99.58446296906276
Kanem,Wadi Bissam,TD0603,TCD0603,2018,22.999918413967528,0.0,116.1550695372872,182.61259859050415
Kanem,Wadi Bissam,TD0603,TCD0603,2019,8.000094591718495,0.0702857142857142,90.67710682945048,119.82017526396372
Kanem,Wadi Bissam,TD0603,TCD0603,2020,10.99984770027414,0.0,107.37459764899116,202.7393591029033
Kanem,Wadi Bissam,TD0603,TCD0603,2021,20.999713148816923,0.0,92.58214783945326,152.09198281385173
Kanem,Wadi Bissam,TD0603,TCD0603,2022,25.0,0.9118571428571428,140.61699231588116,162.20603831772655
Kanem,Wadi Bissam,TD0603,TCD0603,2023,21.00016298147444,0.0,128.6341368065748,130.82647709297822
Kanem,Wadi Bissam,TD0603,TCD0603,2024,23.999655339258847,0.0,158.48193057068508,197.7380741234087
Kanem,Wadi Bissam,TD0603,TCD0603,2025,29.000319795330988,0.304,134.66238348145188,118.31548237406297
Kanem,Wadi Bissam,TD0603,TCD0603,2026,28.000000000000004,2.3537142857142856,71.14350465081678,83.13021004890162
Lac,Fouli,TD0704,TCD0704,1999,,0.0,143.05327636897022,125.09345249659997
Lac,Fouli,TD0704,TCD0704,2000,,0.1782222222222222,52.5699194917357,70.03497182824945
Lac,Fouli,TD0704,TCD0704,2001,,13.18911111111111,89.37608240655226,93.96114241305617
Lac,Fouli,TD0704,TCD0704,2002,,14.756666666666668,68.79755479751896,86.02409170390517
Lac,Fouli,TD0704,TCD0704,2003,,0.3571111111111111,108.2480175891519,121.54070332232368
Lac,Fouli,TD0704,TCD0704,2004,,0.0468888888888889,70.16646072696506,79.31377501457159
Lac,Fouli,TD0704,TCD0704,2005,,0.0214444444444444,134.29336731899312,148.29531766077326
Lac,Fouli,TD0704,TCD0704,2006,,3.3201111111111112,68.50661681287093,98.36992422770544
Lac,Fouli,TD0704,TCD0704,2007,,0.7647777777777778,115.40979361984778,108.64853312609284
Lac,Fouli,TD0704,TCD0704,2008,,0.0608888888888888,103.88236732118304,93.671264814455
Lac,Fouli,TD0704,TCD0704,2009,,0.284,70.95885540672236,82.20128230036914
Lac,Fouli,TD0704,TCD0704,2010,,4.758222222222222,100.3527557545346,107.12687002137166
Lac,Fouli,TD0704,TCD0704,2011,,0.131,83.6399374012239,112.79852341169612
Lac,Fouli,TD0704,TCD0704,2012,,0.3465555555555555,127.48365018155604,126.66601904021758
Lac,Fouli,TD0704,TCD0704,2013,,1.4128888888888889,95.40589595238822,85.34680396347386
Lac,Fouli,TD0704,TCD0704,2014,,0.6255555555555555,91.8922372802596,99.87021565960754
Lac,Fouli,TD0704,TCD0704,2015,,0.8578888888888889,69.77606436409664,118.6901107441228
Lac,Fouli,TD0704,TCD0704,2016,14.000272354754449,0.936777777777778,109.26212908368076,129.76568875072854
Lac,Fouli,TD0704,TCD0704,2017,28.000544709508898,0.1414444444444444,109.1591906178341,103.7237225568292
Lac,Fouli,TD0704,TCD0704,2018,35.000374195479715,1.0605555555555557,114.27637029591268,258.6687390713036
Lac,Fouli,TD0704,TCD0704,2019,24.00904159132007,0.4818888888888888,100.8380667709003,213.1552360598407
Lac,Fouli,TD0704,TCD0704,2020,30.000306861421382,0.8316666666666666,107.98649083216478,183.8748785700408
Lac,Fouli,TD0704,TCD0704,2021,26.999848655556864,1.0585555555555557,118.3049606156213,101.77151738877014
Lac,Fouli,TD0704,TCD0704,2022,28.000171745073064,2.4488888888888893,132.32127777772175,157.84223819700793
Lac,Fouli,TD0704,TCD0704,2023,27.999834148768553,0.277,84.4350293981815,191.05187487857003
Lac,Fouli,TD0704,TCD0704,2024,26.000157107427817,0.7212222222222222,129.60363181341268,275.97202253740045
Lac,Fouli,TD0704,TCD0704,2025,32.00053865403822,1.5460000000000005,93.86836531863308,115.78278608898384
Lac,Fouli,TD0704,TCD0704,2026,27.0,5.995111111111111,46.48667480111261,88.53312609286962
Lac,Kaya,TD0703,TCD0703,1999,,0.0,120.84858197991248,125.09345249659997
Lac,Kaya,TD0703,TCD0703,2000,,0.1782222222222222,104.45270979086024,70.03497182824945
Lac,Kaya,TD0703,TCD0703,2001,,13.18911111111111,90.91765695746064,93.96114241305617
Lac,Kaya,TD0703,TCD0703,2002,,14.756666666666668,76.53651487155624,86.02409170390517
Lac,Kaya,TD0703,TCD0703,2003,,0.3571111111111111,109.5458105569957,121.54070332232368
Lac,Kaya,TD0703,TCD0703,2004,,0.0468888888888889,89.20445734299103,79.31377501457159
Lac,Kaya,TD0703,TCD0703,2005,,0.0214444444444444,121.23916354437188,148.29531766077324
Lac,Kaya,TD0703,TCD0703,2006,,3.3201111111111112,65.10272440464524,98.36992422770544
Lac,Kaya,TD0703,TCD0703,2007,,0.7647777777777778,85.56258582650896,108.64853312609284
Lac,Kaya,TD0703,TCD0703,2008,,0.0608888888888888,97.08245162933387,93.671264814455
Lac,Kaya,TD0703,TCD0703,2009,,0.284,74.76292577009558,82.20128230036914
Lac,Kaya,TD0703,TCD0703,2010,,4.758222222222222,99.1631277833598,107.12687002137166
Lac,Kaya,TD0703,TCD0703,2011,,0.131,74.75777799306717,112.79852341169612
Lac,Kaya,TD0703,TCD0703,2012,,0.3465555555555555,123.41548847984576,126.66601904021758
Lac,Kaya,TD0703,TCD0703,2013,,1.4128888888888889,98.95371712769904,85.34680396347386
Lac,Kaya,TD0703,TCD0703,2014,,0.6255555555555555,86.35467931223111,99.87021565960754
Lac,Kaya,TD0703,TCD0703,2015,,0.8578888888888889,78.91210422598962,118.6901107441228
Lac,Kaya,TD0703,TCD0703,2016,17.000160648305158,0.936777777777778,105.9872826031685,129.76568875072854
Lac,Kaya,TD0703,TCD0703,2017,27.999605477290284,0.1414444444444444,102.5033415242376,103.7237225568292
Lac,Kaya,TD0703,TCD0703,2018,30.00016438446238,1.0605555555555557,115.57268250102032,258.6687390713036
Lac,Kaya,TD0703,TCD0703,2019,20.999634706097233,0.4818888888888888,104.38644062701604,213.1552360598407
Lac,Kaya,TD0703,TCD0703,2020,28.000139703827887,0.8316666666666666,104.91475480487678,183.8748785700408
Lac,Kaya,TD0703,TCD0703,2021,26.00005935070331,1.0585555555555557,116.6460996759107,101.77151738877014
Lac,Kaya,TD0703,TCD0703,2022,25.00081515536861,2.4488888888888893,120.92250549409805,157.84223819700793
Lac,Kaya,TD0703,TCD0703,2023,24.999213465471133,0.277,97.1942536112623,191.05187487857003
Lac,Kaya,TD0703,TCD0703,2024,26.000849443928836,0.7212222222222222,135.06016156148542,275.97202253740045
Lac,Kaya,TD0703,TCD0703,2025,32.00117505811429,1.5460000000000005,112.18949881535777,115.78278608898384
Lac,Kaya,TD0703,TCD0703,2026,35.0,5.995111111111111,54.28424464983903,88.53312609286962
Lac,Mamdi,TD0701,TCD0701,1999,,0.0,117.74262225184768,124.61801631914275
Lac,Mamdi,TD0701,TCD0701,2000,,0.4374452699698843,102.04457621952936,70.9708191535648
Lac,Mamdi,TD0701,TCD0701,2001,,14.751781056061136,93.35806996881465,93.96750341654564
Lac,Mamdi,TD0701,TCD0701,2002,,19.271824623491888,77.34744328510882,86.16014488122325
Lac,Mamdi,TD0701,TCD0701,2003,,0.4451959097937394,117.71182724427898,122.40321457025046
Lac,Mamdi,TD0701,TCD0701,2004,,0.1118944659035946,92.3788449604545,79.51908200790369
Lac,Mamdi,TD0701,TCD0701,2005,,0.020190320541566,122.79375560044996,147.91358329469264
Lac,Mamdi,TD0701,TCD0701,2006,,4.475843377635805,79.32809804086506,98.77018970509378
Lac,Mamdi,TD0701,TCD0701,2007,,1.1861485564562193,86.37553044643099,108.4522950204854
Lac,Mamdi,TD0701,TCD0701,2008,,0.1479005808122815,107.61611864188944,93.46777748631258
Lac,Mamdi,TD0701,TCD0701,2009,,0.2798728091249464,80.04790615538799,82.91338223965674
Lac,Mamdi,TD0701,TCD0701,2010,,4.570965092735589,96.1611662028934,106.13320580126444
Lac,Mamdi,TD0701,TCD0701,2011,,0.6759562882550593,83.96595817047115,113.41877902831273
Lac,Mamdi,TD0701,TCD0701,2012,,0.3816710248361514,112.00951342787124,126.10293370781564
Lac,Mamdi,TD0701,TCD0701,2013,,1.7367044232465336,96.86263476966774,85.1387845244642
Lac,Mamdi,TD0701,TCD0701,2014,0.0,0.7757645096433154,87.0792592402381,100.7342688238687
Lac,Mamdi,TD0701,TCD0701,2015,22.000069993700567,0.8578870323028004,93.8433393069514,117.4903769801412
Lac,Mamdi,TD0701,TCD0701,2016,25.0,0.8819927071810526,113.80135409689676,129.9637137746235
Lac,Mamdi,TD0701,TCD0701,2017,32.99993709504938,0.133172425126495,101.55559554799254,103.48164846613942
Lac,Mamdi,TD0701,TCD0701,2018,26.000156376241236,0.9985316557992108,114.63566059563476,254.22078874156864
Lac,Mamdi,TD0701,TCD0701,2019,25.0,0.4578173219565866,109.0894305292296,207.69677193296772
Lac,Mamdi,TD0701,TCD0701,2020,23.000191248855025,0.7830287526094386,110.14010729659148,184.9781198320347
Lac,Mamdi,TD0701,TCD0701,2021,23.99992479754088,0.9966486207227953,100.89577638937502,104.71438208536112
Lac,Mamdi,TD0701,TCD0701,2022,26.999474809618484,2.3589994885281,105.91247915444532,158.0974439708369
Lac,Mamdi,TD0701,TCD0701,2023,25.99993836373322,0.2608003580835445,98.91517630393405,187.5297453536506
Lac,Mamdi,TD0701,TCD0701,2024,43.000195542883816,0.6790433711673837,98.38775615274932,271.3967086384217
Lac,Mamdi,TD0701,TCD0701,2025,32.999838631595935,1.4733647824540157,102.9819097083367,115.9309044027074
Lac,Mamdi,TD0701,TCD0701,2026,22.000000000000004,5.782153260399391,58.54463490525912,88.21715026176149
Lac,Wayi,TD0702,TCD0702,1999,,0.0,82.91401194584219,117.6760065723512
Lac,Wayi,TD0702,TCD0702,2000,,3.1611411401917286,92.99508940589564,91.6694975991022
Lac,Wayi,TD0702,TCD0702,2001,,33.76240670888929,103.49876649731932,96.53810075720138
Lac,Wayi,TD0702,TCD0702,2002,,82.72853405503899,66.53609775373401,88.35929300854215
Lac,Wayi,TD0702,TCD0702,2003,,4.196503457165508,111.36157675389131,130.01660387139327
Lac,Wayi,TD0702,TCD0702,2004,,1.6734018223431424,76.64545446895438,79.5987515933438
Lac,Wayi,TD0702,TCD0702,2005,,0.7613300045718043,133.84560057078912,130.16694475525648
Lac,Wayi,TD0702,TCD0702,2006,,26.820662223342502,70.36373805109022,107.50928635333682
Lac,Wayi,TD0702,TCD0702,2007,,11.929117817744388,83.71712418372906,99.98341763088304
Lac,Wayi,TD0702,TCD0702,2008,,1.3430033449000531,92.75391617654871,93.47290570767768
Lac,Wayi,TD0702,TCD0702,2009,,6.192255400826747,72.59902491246305,92.89676303739267
Lac,Wayi,TD0702,TCD0702,2010,,3.6467200950698633,114.38584180822376,98.43347382426178
Lac,Wayi,TD0702,TCD0702,2011,,6.887953579394914,52.596855272771734,123.5240285842752
Lac,Wayi,TD0702,TCD0702,2012,,0.5971631912367253,115.93217182643204,117.46201061456507
Lac,Wayi,TD0702,TCD0702,2013,,5.902830153707395,79.74233499346388,90.41103014380316
Lac,Wayi,TD0702,TCD0702,2014,2.9999808528155936,4.284616996705654,76.75625282641056,104.8826615795509
Lac,Wayi,TD0702,TCD0702,2015,19.999852042005276,1.7094319705444994,80.40363039541512,106.45755195791938
Lac,Wayi,TD0702,TCD0702,2016,25.000092473746705,0.1008990788580231,105.08053893890391,126.95804520025531
Lac,Wayi,TD0702,TCD0702,2017,25.0,0.0410442782364946,86.81187213356728,104.6769372958818
Lac,Wayi,TD0702,TCD0702,2018,25.000086315535068,0.067273157762614,119.61987602269944,167.34977873901087
Lac,Wayi,TD0702,TCD0702,2019,23.00002001481096,0.2657509500415408,128.7756927270447,122.0199695319532
Lac,Wayi,TD0702,TCD0702,2020,21.000109173395657,0.0979669272963007,124.63466444082124,191.25885586852323
Lac,Wayi,TD0702,TCD0702,2021,26.00015565413651,0.2869369628859647,108.56722657222052,143.44758864762994
Lac,Wayi,TD0702,TCD0702,2022,27.000072139662382,2.6319777912578495,139.09940359119085,158.88586484092082
Lac,Wayi,TD0702,TCD0702,2023,26.99991310514558,0.0226965287613345,134.03297808432973,126.10808989017112
Lac,Wayi,TD0702,TCD0702,2024,43.99991030208575,0.0323949609296125,146.3302596462483,200.6264697326685
Lac,Wayi,TD0702,TCD0702,2025,30.0,0.3289792076233683,133.056167081201,115.32470201727126
Lac,Wayi,TD0702,TCD0702,2026,22.000000000000004,2.353474889237593,65.6991025144381,86.18123874836847
Logone Occidental,Dodjé,TD0802,TCD0802,1999,,0.0,110.15074426908164,96.334228867618
Logone Occidental,Dodjé,TD0802,TCD0802,2000,,20.784333333333333,114.38360921074532,69.87171823021795
Logone Occidental,Dodjé,TD0802,TCD0802,2001,,44.19277777777778,114.06765222325484,111.98826193674525
Logone Occidental,Dodjé,TD0802,TCD0802,2002,,71.71855555555555,110.62611372813784,110.45893787758372
Logone Occidental,Dodjé,TD0802,TCD0802,2003,,44.23155555555556,113.70103261615424,103.25785761004872
Logone Occidental,Dodjé,TD0802,TCD0802,2004,,8.80488888888889,117.81814270746406,79.27306997123506
Logone Occidental,Dodjé,TD0802,TCD0802,2005,,15.824333333333335,118.57566498363654,106.51008882668596
Logone Occidental,Dodjé,TD0802,TCD0802,2006,,54.03633333333333,100.67143339415423,102.32633785085837
Logone Occidental,Dodjé,TD0802,TCD0802,2007,,16.13133333333333,95.324186050084,91.96005963977017
Logone Occidental,Dodjé,TD0802,TCD0802,2008,,40.81122222222222,110.16845317610742,103.68370526138112
Logone Occidental,Dodjé,TD0802,TCD0802,2009,,70.04877777777779,105.47240748836084,91.64568490790296
Logone Occidental,Dodjé,TD0802,TCD0802,2010,,4.996222222222222,101.2722210474372,103.0169776421192
Logone Occidental,Dodjé,TD0802,TCD0802,2011,,53.952111111111115,94.4549630284578,104.02691525948224
Logone Occidental,Dodjé,TD0802,TCD0802,2012,,2.7746666666666666,107.20231960041302,139.32233607854445
Logone Occidental,Dodjé,TD0802,TCD0802,2013,,9.87922222222222,106.95895096814046,121.52200974772656
Logone Occidental,Dodjé,TD0802,TCD0802,2014,2.9999544426052753,39.31611111111111,85.22248743063156,111.10720389346422
Logone Occidental,Dodjé,TD0802,TCD0802,2015,0.0,63.37533333333334,80.95757380373712,95.5440722428914
Logone Occidental,Dodjé,TD0802,TCD0802,2016,8.000117346789098,16.432111111111112,91.14341475082053,109.5588907565389
Logone Occidental,Dodjé,TD0802,TCD0802,2017,0.0,14.144444444444444,96.01610940627609,113.40664055082392
Logone Occidental,Dodjé,TD0802,TCD0802,2018,0.0,4.911888888888889,94.50621074411512,102.992537995738
Logone Occidental,Dodjé,TD0802,TCD0802,2019,4.000211651410127,29.93444444444445,88.92704176807975,105.71377833416555
Logone Occidental,Dodjé,TD0802,TCD0802,2020,3.000079496603049,32.837555555555554,90.75690995520172,136.99634987727427
Logone Occidental,Dodjé,TD0802,TCD0802,2021,5.999975313823025,32.93588888888889,83.5198510384804,160.47019066440672
Logone Occidental,Dodjé,TD0802,TCD0802,2022,11.000184766865935,47.642222222222216,93.66065889613613,141.89148797006757
Logone Occidental,Dodjé,TD0802,TCD0802,2023,10.000058089213413,14.576555555555553,93.00060613533418,92.7855570481127
Logone Occidental,Dodjé,TD0802,TCD0802,2024,14.99997221095222,22.492555555555555,81.44124157955838,112.466153727134
Logone Occidental,Dodjé,TD0802,TCD0802,2025,19.000085866391895,68.86422222222222,78.56450201177226,106.30648371510756
Logone Occidental,Dodjé,TD0802,TCD0802,2026,21.0,65.89522222222223,82.8892900734832,90.38027386469928
Logone Occidental,Guéni,TD0803,TCD0803,1999,,0.0,115.75161095148265,96.334228867618
Logone Occidental,Guéni,TD0803,TCD0803,2000,,20.784333333333333,111.2736643700906,69.87171823021795
Logone Occidental,Guéni,TD0803,TCD0803,2001,,44.19277777777778,117.57028609989766,111.98826193674525
Logone Occidental,Guéni,TD0803,TCD0803,2002,,71.71855555555555,104.69773450474452,110.45893787758372
Logone Occidental,Guéni,TD0803,TCD0803,2003,,44.23155555555556,115.39470988430448,103.25785761004872
Logone Occidental,Guéni,TD0803,TCD0803,2004,,8.80488888888889,121.65834558271804,79.27306997123506
Logone Occidental,Guéni,TD0803,TCD0803,2005,,15.824333333333335,121.3786815331313,106.51008882668596
Logone Occidental,Guéni,TD0803,TCD0803,2006,,54.03633333333333,101.5071315568624,102.32633785085837
Logone Occidental,Guéni,TD0803,TCD0803,2007,,16.13133333333333,96.20776906405943,91.96005963977017
Logone Occidental,Guéni,TD0803,TCD0803,2008,,40.81122222222222,106.45546808686272,103.68370526138112
Logone Occidental,Guéni,TD0803,TCD0803,2009,,70.04877777777779,97.29347615250886,91.64568490790296
Logone Occidental,Guéni,TD0803,TCD0803,2010,,4.996222222222222,106.20742007477668,103.0169776421192
Logone Occidental,Guéni,TD0803,TCD0803,2011,,53.952111111111115,88.5792603238158,104.02691525948224
Logone Occidental,Guéni,TD0803,TCD0803,2012,,2.7746666666666666,111.22156469942988,139.32233607854445
Logone Occidental,Guéni,TD0803,TCD0803,2013,,9.87922222222222,113.62321857309088,121.52200974772656
Logone Occidental,Guéni,TD0803,TCD0803,2014,0.0,39.31611111111111,83.45232213435175,111.10720389346422
Logone Occidental,Guéni,TD0803,TCD0803,2015,0.9997727789138832,63.37533333333334,77.39746327725679,95.5440722428914
Logone Occidental,Guéni,TD0803,TCD0803,2016,12.000339112373362,16.432111111111112,90.8055393850277,109.55889075653891
Logone Occidental,Guéni,TD0803,TCD0803,2017,0.0,14.144444444444444,95.12523974684748,113.40664055082392
Logone Occidental,Guéni,TD0803,TCD0803,2018,0.0,4.911888888888889,100.3250382660148,102.992537995738
Logone Occidental,Guéni,TD0803,TCD0803,2019,3.000091745924952,29.93444444444445,86.94058985171024,105.71377833416555
Logone Occidental,Guéni,TD0803,TCD0803,2020,4.99968190911083,32.837555555555554,88.43295625890822,136.99634987727427
Logone Occidental,Guéni,TD0803,TCD0803,2021,7.999942928889396,32.93588888888889,81.47590390774388,160.47019066440672
Logone Occidental,Guéni,TD0803,TCD0803,2022,10.99995866231243,47.642222222222216,88.1512862942595,141.89148797006757
Logone Occidental,Guéni,TD0803,TCD0803,2023,10.000321223218014,14.576555555555554,94.70193708916868,92.7855570481127
Logone Occidental,Guéni,TD0803,TCD0803,2024,12.999903633034595,22.492555555555555,84.37138233093548,112.466153727134
Logone Occidental,Guéni,TD0803,TCD0803,2025,18.000111663223716,68.86422222222222,79.05456124505285,106.30648371510756
Logone Occidental,Guéni,TD0803,TCD0803,2026,21.000000000000004,65.89522222222223,77.76373369001308,90.38027386469928
Logone Occidental,Lac Wey,TD0801,TCD0801,1999,,0.0,113.18414587999445,96.334228867618
Logone Occidental,Lac Wey,TD0801,TCD0801,2000,,20.784333333333333,122.69968871991284,69.87171823021795
Logone Occidental,Lac Wey,TD0801,TCD0801,2001,,44.19277777777778,119.91712366879102,111.98826193674525
Logone Occidental,Lac Wey,TD0801,TCD0801,2002,,71.71855555555555,113.9723612482526,110.45893787758372
Logone Occidental,Lac Wey,TD0801,TCD0801,2003,,44.23155555555556,115.253870481365,103.25785761004872
Logone Occidental,Lac Wey,TD0801,TCD0801,2004,,8.80488888888889,121.90728983542232,79.27306997123506
Logone Occidental,Lac Wey,TD0801,TCD0801,2005,,15.824333333333335,119.50515779059889,106.51008882668596
Logone Occidental,Lac Wey,TD0801,TCD0801,2006,,54.03633333333333,102.58782265203668,102.32633785085837
Logone Occidental,Lac Wey,TD0801,TCD0801,2007,,16.13133333333333,98.89329147836942,91.96005963977017
Logone Occidental,Lac Wey,TD0801,TCD0801,2008,,40.81122222222222,110.25616816343695,103.68370526138112
Logone Occidental,Lac Wey,TD0801,TCD0801,2009,,70.04877777777779,98.0429105228597,91.64568490790296
Logone Occidental,Lac Wey,TD0801,TCD0801,2010,,4.996222222222222,96.69771583230592,103.0169776421192
Logone Occidental,Lac Wey,TD0801,TCD0801,2011,,53.952111111111115,92.74045772862776,104.02691525948224
Logone Occidental,Lac Wey,TD0801,TCD0801,2012,,2.7746666666666666,105.48567801886514,139.32233607854445
Logone Occidental,Lac Wey,TD0801,TCD0801,2013,,9.87922222222222,103.35563776531384,121.52200974772656
Logone Occidental,Lac Wey,TD0801,TCD0801,2014,4.000009744831585,39.31611111111111,87.1184540793902,111.10720389346422
Logone Occidental,Lac Wey,TD0801,TCD0801,2015,0.0,63.37533333333334,79.83992417373028,95.5440722428914
Logone Occidental,Lac Wey,TD0801,TCD0801,2016,5.999943523298993,16.432111111111112,92.3538161345588,109.55889075653891
Logone Occidental,Lac Wey,TD0801,TCD0801,2017,0.0,14.144444444444444,100.21516719735214,113.40664055082392
Logone Occidental,Lac Wey,TD0801,TCD0801,2018,0.0,4.911888888888889,95.10974562339108,102.992537995738
Logone Occidental,Lac Wey,TD0801,TCD0801,2019,2.99993644636791,29.93444444444445,86.16801451656019,105.71377833416555
Logone Occidental,Lac Wey,TD0801,TCD0801,2020,4.999931327710054,32.837555555555554,88.69923111924003,136.99634987727427
Logone Occidental,Lac Wey,TD0801,TCD0801,2021,14.999930694304458,32.93588888888889,82.24464172678768,160.47019066440672
Logone Occidental,Lac Wey,TD0801,TCD0801,2022,14.0000076494414,47.642222222222216,86.38102559228082,141.89148797006757
Logone Occidental,Lac Wey,TD0801,TCD0801,2023,16.00002853199328,14.576555555555554,94.5985669572028,92.7855570481127
Logone Occidental,Lac Wey,TD0801,TCD0801,2024,13.999935803015118,22.492555555555555,72.77209309335298,112.466153727134
Logone Occidental,Lac Wey,TD0801,TCD0801,2025,12.000041326014037,68.86422222222222,73.99795361207383,106.30648371510756
Logone Occidental,Lac Wey,TD0801,TCD0801,2026,23.0,65.89522222222223,71.82216142627851,90.38027386469928
Logone Occidental,Ngourkosso,TD0804,TCD0804,1999,,0.0,109.2459866461796,96.334228867618
Logone Occidental,Ngourkosso,TD0804,TCD0804,2000,,20.784333333333333,112.90977596992984,69.87171823021795
Logone Occidental,Ngourkosso,TD0804,TCD0804,2001,,44.19277777777778,107.37083066347164,111.98826193674525
Logone Occidental,Ngourkosso,TD0804,TCD0804,2002,,71.71855555555555,103.99648408914648,110.45893787758372
Logone Occidental,Ngourkosso,TD0804,TCD0804,2003,,44.23155555555556,113.535170129822,103.25785761004872
Logone Occidental,Ngourkosso,TD0804,TCD0804,2004,,8.80488888888889,121.1417889853045,79.27306997123506
Logone Occidental,Ngourkosso,TD0804,TCD0804,2005,,15.824333333333335,112.4448792555699,106.51008882668596
Logone Occidental,Ngourkosso,TD0804,TCD0804,2006,,54.03633333333333,94.97421215292364,102.32633785085837
Logone Occidental,Ngourkosso,TD0804,TCD0804,2007,,16.13133333333333,103.1200182361813,91.96005963977017
Logone Occidental,Ngourkosso,TD0804,TCD0804,2008,,40.81122222222222,106.8945222541484,103.68370526138112
Logone Occidental,Ngourkosso,TD0804,TCD0804,2009,,70.04877777777779,92.90049338335066,91.64568490790296
Logone Occidental,Ngourkosso,TD0804,TCD0804,2010,,4.996222222222222,99.48737803936709,103.0169776421192
Logone Occidental,Ngourkosso,TD0804,TCD0804,2011,,53.952111111111115,90.39325719448848,104.02691525948224
Logone Occidental,Ngourkosso,TD0804,TCD0804,2012,,2.7746666666666666,116.25742392250288,139.32233607854445
Logone Occidental,Ngourkosso,TD0804,TCD0804,2013,,9.87922222222222,104.74204571044162,121.52200974772656
Logone Occidental,Ngourkosso,TD0804,TCD0804,2014,3.0000913269810345,39.31611111111111,86.9763553834422,111.10720389346422
Logone Occidental,Ngourkosso,TD0804,TCD0804,2015,3.0000683027809742,63.37533333333334,82.88129064852939,95.5440722428914
Logone Occidental,Ngourkosso,TD0804,TCD0804,2016,14.999975495841644,16.432111111111112,92.09675713346208,109.55889075653891
Logone Occidental,Ngourkosso,TD0804,TCD0804,2017,0.0,14.144444444444444,100.22207090381488,113.40664055082392
Logone Occidental,Ngourkosso,TD0804,TCD0804,2018,0.0,4.911888888888889,98.51355665061224,102.992537995738
Logone Occidental,Ngourkosso,TD0804,TCD0804,2019,3.999795057469301,29.93444444444445,91.12164233501048,105.71377833416555
Logone Occidental,Ngourkosso,TD0804,TCD0804,2020,4.000032690020962,32.837555555555554,94.76086922070547,136.99634987727427
Logone Occidental,Ngourkosso,TD0804,TCD0804,2021,11.999868033618435,32.93588888888889,89.54893962745012,160.47019066440672
Logone Occidental,Ngourkosso,TD0804,TCD0804,2022,13.000031861847033,47.642222222222216,90.280879586941,141.89148797006757
Logone Occidental,Ngourkosso,TD0804,TCD0804,2023,9.999805919456572,14.576555555555554,97.6625289328584,92.7855570481127
Logone Occidental,Ngourkosso,TD0804,TCD0804,2024,12.000186477511528,22.492555555555555,86.52084294434582,112.466153727134
Logone Occidental,Ngourkosso,TD0804,TCD0804,2025,15.0,68.86422222222222,79.08411815584256,106.30648371510756
Logone Occidental,Ngourkosso,TD0804,TCD0804,2026,34.0,65.89522222222223,80.0237417922147,90.38027386469928
Logone Oriental,Kouh Est,TD0902,TCD0902,1999,,0.0,109.96266219090958,98.83998689650898
Logone Oriental,Kouh Est,TD0902,TCD0902,2000,,7.057333333333334,116.87839325302984,75.51205432636546
Logone Oriental,Kouh Est,TD0902,TCD0902,2001,,30.21177777777778,112.08695400015122,114.33327135736228
Logone Oriental,Kouh Est,TD0902,TCD0902,2002,,84.05022222222222,98.89174360681888,94.82040248966328
Logone Oriental,Kouh Est,TD0902,TCD0902,2003,,11.428999999999998,114.8852277632738,107.04507423835958
Logone Oriental,Kouh Est,TD0902,TCD0902,2004,,2.0253333333333337,119.44691172651753,85.2536145271676
Logone Oriental,Kouh Est,TD0902,TCD0902,2005,,0.0606666666666666,115.1213664917507,95.76774947541766
Logone Oriental,Kouh Est,TD0902,TCD0902,2006,,62.07688888888889,101.52524118690437,99.00891568611829
Logone Oriental,Kouh Est,TD0902,TCD0902,2007,,4.003222222222223,110.34211937534482,94.8963673227266
Logone Oriental,Kouh Est,TD0902,TCD0902,2008,,12.184888888888889,125.03137864293798,116.35351093875887
Logone Oriental,Kouh Est,TD0902,TCD0902,2009,,22.178,104.26588014389692,95.82211125572172
Logone Oriental,Kouh Est,TD0902,TCD0902,2010,,1.1693333333333331,95.91709922039723,111.53656139605302
Logone Oriental,Kouh Est,TD0902,TCD0902,2011,,53.23222222222223,98.67185788414216,102.44362400063748
Logone Oriental,Kouh Est,TD0902,TCD0902,2012,,1.1886666666666668,108.38430761645404,138.6514028703728
Logone Oriental,Kouh Est,TD0902,TCD0902,2013,,5.371333333333333,113.57747863233467,119.35031474939574
Logone Oriental,Kouh Est,TD0902,TCD0902,2014,0.0,43.20944444444444,81.48446017121552,102.85231126103396
Logone Oriental,Kouh Est,TD0902,TCD0902,2015,4.9998845470009154,28.322999999999997,79.53178513483155,92.89773079408926
Logone Oriental,Kouh Est,TD0902,TCD0902,2016,11.000361752730464,8.176,89.85188856682049,111.06589816462588
Logone Oriental,Kouh Est,TD0902,TCD0902,2017,0.0,6.364111111111111,97.450379921082,114.78835205893029
Logone Oriental,Kouh Est,TD0902,TCD0902,2018,4.9997570574802,7.924222222222222,90.90494093505244,101.59118878766148
Logone Oriental,Kouh Est,TD0902,TCD0902,2019,1.9997639986950515,34.71277777777778,78.10401319086087,114.27997202227591
Logone Oriental,Kouh Est,TD0902,TCD0902,2020,2.000166520427573,5.238777777777778,94.069999423603,130.1569762809105
Logone Oriental,Kouh Est,TD0902,TCD0902,2021,11.000142488892344,23.741555555555557,85.90435803298901,150.42311880793645
Logone Oriental,Kouh Est,TD0902,TCD0902,2022,9.00026896348977,16.916999999999998,96.12381678601363,174.8379328357548
Logone Oriental,Kouh Est,TD0902,TCD0902,2023,10.999900843992604,20.781,84.65150383410077,94.14167706977608
Logone Oriental,Kouh Est,TD0902,TCD0902,2024,14.999883346554055,32.26022222222222,76.93423226856757,117.36425048916747
Logone Oriental,Kouh Est,TD0902,TCD0902,2025,12.000225282306891,49.37744444444444,88.88834791940138,102.01722931994652
Logone Oriental,Kouh Est,TD0902,TCD0902,2026,7.000000000000001,59.50533333333333,88.51384338436458,88.11513364675467
Logone Oriental,Kouh Ouest,TD0903,TCD0903,1999,,0.0,103.21401535783792,98.83998689650898
Logone Oriental,Kouh Ouest,TD0903,TCD0903,2000,,7.057333333333334,110.08146615353868,75.51205432636546
Logone Oriental,Kouh Ouest,TD0903,TCD0903,2001,,30.21177777777778,105.45657437541894,114.33327135736228
Logone Oriental,Kouh Ouest,TD0903,TCD0903,2002,,84.05022222222222,103.32830304512196,94.82040248966328
Logone Oriental,Kouh Ouest,TD0903,TCD0903,2003,,11.428999999999998,109.66500112434868,107.04507423835958
Logone Oriental,Kouh Ouest,TD0903,TCD0903,2004,,2.0253333333333337,111.73881348558396,85.2536145271676
Logone Oriental,Kouh Ouest,TD0903,TCD0903,2005,,0.0606666666666666,107.71469841409704,95.76774947541766
Logone Oriental,Kouh Ouest,TD0903,TCD0903,2006,,62.07688888888889,99.71105909005666,99.00891568611829
Logone Oriental,Kouh Ouest,TD0903,TCD0903,2007,,4.003222222222223,104.74639175809531,94.8963673227266
Logone Oriental,Kouh Ouest,TD0903,TCD0903,2008,,12.184888888888889,123.66128475996156,116.35351093875887
Logone Oriental,Kouh Ouest,TD0903,TCD0903,2009,,22.178,108.23205539730844,95.82211125572172
Logone Oriental,Kouh Ouest,TD0903,TCD0903,2010,,1.1693333333333331,95.65916693828494,111.53656139605302
Logone Oriental,Kouh Ouest,TD0903,TCD0903,2011,,53.23222222222223,102.63889888862066,102.44362400063748
Logone Oriental,Kouh Ouest,TD0903,TCD0903,2012,,1.1886666666666668,105.39626251894175,138.6514028703728
Logone Oriental,Kouh Ouest,TD0903,TCD0903,2013,,5.371333333333333,118.07041004674304,119.35031474939574
Logone Oriental,Kouh Ouest,TD0903,TCD0903,2014,0.0,43.20944444444444,81.27881153616492,102.85231126103396
Logone Oriental,Kouh Ouest,TD0903,TCD0903,2015,4.0,28.322999999999997,80.42360335464753,92.89773079408926
Logone Oriental,Kouh Ouest,TD0903,TCD0903,2016,6.999606144151241,8.176,90.27705761273664,111.06589816462588
Logone Oriental,Kouh Ouest,TD0903,TCD0903,2017,0.0,6.364111111111111,96.09242241352716,114.78835205893029
Logone Oriental,Kouh Ouest,TD0903,TCD0903,2018,4.999644810684094,7.924222222222222,92.25824000639604,101.59118878766148
Logone Oriental,Kouh Ouest,TD0903,TCD0903,2019,3.00063934076863,34.71277777777778,82.05894724039831,114.27997202227591
Logone Oriental,Kouh Ouest,TD0903,TCD0903,2020,2.9994362947522974,5.238777777777778,96.32593464655145,130.1569762809105
Logone Oriental,Kouh Ouest,TD0903,TCD0903,2021,12.000212111570686,23.741555555555557,90.54804602173328,150.42311880793645
Logone Oriental,Kouh Ouest,TD0903,TCD0903,2022,11.000294467845393,16.916999999999998,101.80897284268876,174.8379328357548
Logone Oriental,Kouh Ouest,TD0903,TCD0903,2023,11.99994921731182,20.781,99.81208904172388,94.14167706977608
Logone Oriental,Kouh Ouest,TD0903,TCD0903,2024,21.000391948908305,32.26022222222222,79.80147392947278,117.36425048916747
Logone Oriental,Kouh Ouest,TD0903,TCD0903,2025,21.000634042307915,49.37744444444444,94.87329114725956,102.01722931994652
Logone Oriental,Kouh Ouest,TD0903,TCD0903,2026,7.000000000000001,59.50533333333333,94.59389923830793,88.11513364675467
Logone Oriental,La Nya,TD0904,TCD0904,1999,,0.0,101.14021719250808,98.83998689650898
Logone Oriental,La Nya,TD0904,TCD0904,2000,,7.057333333333334,107.85049646925108,75.51205432636546
Logone Oriental,La Nya,TD0904,TCD0904,2001,,30.21177777777778,101.92302320989728,114.33327135736228
Logone Oriental,La Nya,TD0904,TCD0904,2002,,84.05022222222222,104.61387500829063,94.82040248966328
Logone Oriental,La Nya,TD0904,TCD0904,2003,,11.428999999999998,109.08323013064786,107.04507423835958
Logone Oriental,La Nya,TD0904,TCD0904,2004,,2.0253333333333337,118.28365350360568,85.2536145271676
Logone Oriental,La Nya,TD0904,TCD0904,2005,,0.0606666666666666,112.3009252532438,95.76774947541766
Logone Oriental,La Nya,TD0904,TCD0904,2006,,62.07688888888889,93.93074196207812,99.00891568611829
Logone Oriental,La Nya,TD0904,TCD0904,2007,,4.003222222222223,108.3707050228292,94.8963673227266
Logone Oriental,La Nya,TD0904,TCD0904,2008,,12.184888888888889,118.92174054607727,116.35351093875887
Logone Oriental,La Nya,TD0904,TCD0904,2009,,22.178,101.61034112665216,95.82211125572172
Logone Oriental,La Nya,TD0904,TCD0904,2010,,1.1693333333333331,100.01429245813247,111.53656139605302
Logone Oriental,La Nya,TD0904,TCD0904,2011,,53.23222222222223,97.66567278729056,102.44362400063748
Logone Oriental,La Nya,TD0904,TCD0904,2012,,1.1886666666666668,111.08287451278665,138.6514028703728
Logone Oriental,La Nya,TD0904,TCD0904,2013,,5.371333333333333,109.0842906776585,119.35031474939574
Logone Oriental,La Nya,TD0904,TCD0904,2014,5.000057300679586,43.20944444444444,87.30786253659683,102.85231126103396
Logone Oriental,La Nya,TD0904,TCD0904,2015,2.9998616299986165,28.322999999999997,81.18419422718245,92.89773079408926
Logone Oriental,La Nya,TD0904,TCD0904,2016,10.000276740002768,8.176,95.00945206967388,111.06589816462588
Logone Oriental,La Nya,TD0904,TCD0904,2017,0.0,6.364111111111111,98.49659989590612,114.78835205893029
Logone Oriental,La Nya,TD0904,TCD0904,2018,4.999900171704668,7.924222222222222,93.59777015565236,101.59118878766148
Logone Oriental,La Nya,TD0904,TCD0904,2019,6.000179690931598,34.71277777777778,87.3871943625317,114.27997202227591
Logone Oriental,La Nya,TD0904,TCD0904,2020,11.999778933260872,5.238777777777778,100.09574763195596,130.1569762809105
Logone Oriental,La Nya,TD0904,TCD0904,2021,11.999850962456511,23.741555555555557,87.84289805372445,150.42311880793645
Logone Oriental,La Nya,TD0904,TCD0904,2022,7.999964317732748,16.916999999999998,99.48200727379545,174.8379328357548
Logone Oriental,La Nya,TD0904,TCD0904,2023,16.0,20.781,92.44138194602498,94.14167706977608
Logone Oriental,La Nya,TD0904,TCD0904,2024,11.999832228839862,32.26022222222222,81.27881198600682,117.36425048916747
Logone Oriental,La Nya,TD0904,TCD0904,2025,18.000000000000004,49.37744444444444,87.74358630891342,102.01722931994652
Logone Oriental,La Nya,TD0904,TCD0904,2026,12.0,59.50533333333333,85.21781861072415,88.11513364675467
Logone Oriental,La Nya Pendé,TD0905,TCD0905,1999,,0.0,96.09888436495172,98.83998689650898
Logone Oriental,La Nya Pendé,TD0905,TCD0905,2000,,7.057333333333334,103.15164435476731,75.51205432636546
Logone Oriental,La Nya Pendé,TD0905,TCD0905,2001,,30.21177777777778,100.53562413617362,114.33327135736228
Logone Oriental,La Nya Pendé,TD0905,TCD0905,2002,,84.05022222222222,100.58624895891964,94.82040248966328
Logone Oriental,La Nya Pendé,TD0905,TCD0905,2003,,11.428999999999998,107.05836537830704,107.04507423835958
Logone Oriental,La Nya Pendé,TD0905,TCD0905,2004,,2.0253333333333337,109.1451068859318,85.2536145271676
Logone Oriental,La Nya Pendé,TD0905,TCD0905,2005,,0.0606666666666666,105.7271400153972,95.76774947541766
Logone Oriental,La Nya Pendé,TD0905,TCD0905,2006,,62.07688888888889,97.71523930237886,99.00891568611829
Logone Oriental,La Nya Pendé,TD0905,TCD0905,2007,,4.003222222222223,106.22222006834872,94.8963673227266
Logone Oriental,La Nya Pendé,TD0905,TCD0905,2008,,12.184888888888889,118.53845272482108,116.35351093875887
Logone Oriental,La Nya Pendé,TD0905,TCD0905,2009,,22.178,103.99412499102118,95.82211125572172
Logone Oriental,La Nya Pendé,TD0905,TCD0905,2010,,1.1693333333333331,97.84803142464088,111.53656139605302
Logone Oriental,La Nya Pendé,TD0905,TCD0905,2011,,53.23222222222223,103.28022727060994,102.44362400063748
Logone Oriental,La Nya Pendé,TD0905,TCD0905,2012,,1.1886666666666668,106.87443094039332,138.6514028703728
Logone Oriental,La Nya Pendé,TD0905,TCD0905,2013,,5.371333333333333,114.2759733616477,119.35031474939574
Logone Oriental,La Nya Pendé,TD0905,TCD0905,2014,2.9998057410977124,43.20944444444444,85.24509239768577,102.85231126103396
Logone Oriental,La Nya Pendé,TD0905,TCD0905,2015,1.9997979273115671,28.322999999999997,81.69848700951002,92.89773079408926
Logone Oriental,La Nya Pendé,TD0905,TCD0905,2016,12.000230940215353,8.176,90.65769291302703,111.06589816462588
Logone Oriental,La Nya Pendé,TD0905,TCD0905,2017,0.0,6.364111111111111,99.6474012527938,114.78835205893029
Logone Oriental,La Nya Pendé,TD0905,TCD0905,2018,4.999739664688118,7.924222222222222,92.58689075478983,101.59118878766148
Logone Oriental,La Nya Pendé,TD0905,TCD0905,2019,4.999739664688118,34.71277777777778,90.02544499922618,114.27997202227591
Logone Oriental,La Nya Pendé,TD0905,TCD0905,2020,3.0002221941977285,5.238777777777778,97.71233175182144,130.1569762809105
Logone Oriental,La Nya Pendé,TD0905,TCD0905,2021,14.999969635688998,23.741555555555557,93.5324064417058,150.42311880793645
Logone Oriental,La Nya Pendé,TD0905,TCD0905,2022,11.000263921879124,16.916999999999998,104.70390954448308,174.8379328357548
Logone Oriental,La Nya Pendé,TD0905,TCD0905,2023,11.999767367472156,20.781,105.0846050858104,94.14167706977608
Logone Oriental,La Nya Pendé,TD0905,TCD0905,2024,20.99987854015832,32.26022222222222,88.05402367083674,117.36425048916747
Logone Oriental,La Nya Pendé,TD0905,TCD0905,2025,26.0,49.37744444444444,99.02334128442624,102.01722931994652
Logone Oriental,La Nya Pendé,TD0905,TCD0905,2026,13.0,59.50533333333333,99.4694142947239,88.11513364675467
Logone Oriental,La Pendé,TD0901,TCD0901,1999,,0.0,101.65047625062763,98.83998689650898
Logone Oriental,La Pendé,TD0901,TCD0901,2000,,7.057333333333334,112.55280366699355,75.51205432636546
Logone Oriental,La Pendé,TD0901,TCD0901,2001,,30.21177777777778,99.5099292974826,114.33327135736228
Logone Oriental,La Pendé,TD0901,TCD0901,2002,,84.05022222222222,101.8984337910071,94.82040248966328
Logone Oriental,La Pendé,TD0901,TCD0901,2003,,11.428999999999998,111.27274976466587,107.04507423835958
Logone Oriental,La Pendé,TD0901,TCD0901,2004,,2.0253333333333337,121.12958327968823,85.2536145271676
Logone Oriental,La Pendé,TD0901,TCD0901,2005,,0.0606666666666666,112.25934839108392,95.76774947541766
Logone Oriental,La Pendé,TD0901,TCD0901,2006,,62.07688888888889,97.23118467584972,99.00891568611829
Logone Oriental,La Pendé,TD0901,TCD0901,2007,,4.003222222222223,99.7267745471928,94.8963673227266
Logone Oriental,La Pendé,TD0901,TCD0901,2008,,12.184888888888889,108.95395040451037,116.35351093875887
Logone Oriental,La Pendé,TD0901,TCD0901,2009,,22.178,96.31659706928932,95.82211125572172
Logone Oriental,La Pendé,TD0901,TCD0901,2010,,1.1693333333333331,96.93243008561188,111.53656139605302
Logone Oriental,La Pendé,TD0901,TCD0901,2011,,53.23222222222223,91.19004688757306,102.44362400063748
Logone Oriental,La Pendé,TD0901,TCD0901,2012,,1.1886666666666668,112.49477350571242,138.6514028703728
Logone Oriental,La Pendé,TD0901,TCD0901,2013,,5.371333333333333,105.33018084773808,119.35031474939574
Logone Oriental,La Pendé,TD0901,TCD0901,2014,2.0001610597733084,43.20944444444444,85.56551319802914,102.85231126103396
Logone Oriental,La Pendé,TD0901,TCD0901,2015,4.0001361251962875,28.322999999999997,81.43344306711543,92.89773079408926
Logone Oriental,La Pendé,TD0901,TCD0901,2016,7.999786088977262,8.176,95.5850697846619,111.06589816462588
Logone Oriental,La Pendé,TD0901,TCD0901,2017,0.0,6.364111111111111,103.01663205657528,114.78835205893029
Logone Oriental,La Pendé,TD0901,TCD0901,2018,4.999890391739922,7.924222222222222,104.39413716934564,101.59118878766148
Logone Oriental,La Pendé,TD0901,TCD0901,2019,5.999956156695969,34.71277777777778,91.59336370421694,114.27997202227591
Logone Oriental,La Pendé,TD0901,TCD0901,2020,8.99981391134089,5.238777777777778,102.1437783492844,130.1569762809105
Logone Oriental,La Pendé,TD0901,TCD0901,2021,11.000155456100016,23.741555555555557,87.81397744938484,150.42311880793645
Logone Oriental,La Pendé,TD0901,TCD0901,2022,8.000125369251624,16.916999999999998,100.24087767322108,174.8379328357548
Logone Oriental,La Pendé,TD0901,TCD0901,2023,17.000137123156183,20.781,93.34021245601076,94.14167706977608
Logone Oriental,La Pendé,TD0901,TCD0901,2024,31.000055261849063,32.26022222222222,86.4237326271275,117.36425048916747
Logone Oriental,La Pendé,TD0901,TCD0901,2025,28.000056918638368,49.37744444444444,87.44410387892854,102.01722931994652
Logone Oriental,La Pendé,TD0901,TCD0901,2026,12.0,59.50533333333333,88.56876322265377,88.11513364675467
Logone Oriental,Monts de Lam,TD0906,TCD0906,1999,,0.5931784264952913,95.74446784828208,86.3379359626103
Logone Oriental,Monts de Lam,TD0906,TCD0906,2000,,2.5796486614311283,104.43462225795072,76.3601367815401
Logone Oriental,Monts de Lam,TD0906,TCD0906,2001,,9.411279738193745,101.90977598103376,99.70674514654269
Logone Oriental,Monts de Lam,TD0906,TCD0906,2002,,24.4223712722348,103.60066702217784,102.61047641528631
Logone Oriental,Monts de Lam,TD0906,TCD0906,2003,,24.92595443099543,105.3446418001005,112.9834697667024
Logone Oriental,Monts de Lam,TD0906,TCD0906,2004,,1.251134158955592,111.6593517703038,80.16391777516606
Logone Oriental,Monts de Lam,TD0906,TCD0906,2005,,0.0767330567964252,103.78956283567682,105.21304666835694
Logone Oriental,Monts de Lam,TD0906,TCD0906,2006,,11.174822219203932,99.27138724270344,104.30064256142946
Logone Oriental,Monts de Lam,TD0906,TCD0906,2007,,0.7142678473070411,103.32203551237392,93.94629878827088
Logone Oriental,Monts de Lam,TD0906,TCD0906,2008,,2.371793399293503,116.8068303998701,101.9429543793633
Logone Oriental,Monts de Lam,TD0906,TCD0906,2009,,6.925609874713335,101.8543802172986,94.94956621182268
Logone Oriental,Monts de Lam,TD0906,TCD0906,2010,,0.6699972310050412,98.23102628055592,99.121510290069
Logone Oriental,Monts de Lam,TD0906,TCD0906,2011,,12.203317432504136,100.33808172371864,93.72964430337132
Logone Oriental,Monts de Lam,TD0906,TCD0906,2012,,0.2120857484385002,106.93959257571412,129.7369966931565
Logone Oriental,Monts de Lam,TD0906,TCD0906,2013,,1.1560967956530368,107.43902686137169,112.2505796001775
Logone Oriental,Monts de Lam,TD0906,TCD0906,2014,1.9999188673887467,14.801784537342389,88.63738641582367,111.3935349878794
Logone Oriental,Monts de Lam,TD0906,TCD0906,2015,1.0001794900192091,17.91289205899199,81.32014266334726,121.86223119099915
Logone Oriental,Monts de Lam,TD0906,TCD0906,2016,7.999943005125977,1.7224232010601557,95.0541930535546,105.28091831291404
Logone Oriental,Monts de Lam,TD0906,TCD0906,2017,0.0,1.893638057505786,102.47133413690874,112.0968743644647
Logone Oriental,Monts de Lam,TD0906,TCD0906,2018,4.999887563566741,2.8504379619829514,95.51991373066356,100.9240424824368
Logone Oriental,Monts de Lam,TD0906,TCD0906,2019,4.999887563566741,7.859997547267642,97.01341066867433,107.85995996238525
Logone Oriental,Monts de Lam,TD0906,TCD0906,2020,3.9999627592884544,1.4456491262338655,94.8114704375002,136.2007812241192
Logone Oriental,Monts de Lam,TD0906,TCD0906,2021,9.9999700249692,6.891483886221912,92.22326684919356,165.07902553071102
Logone Oriental,Monts de Lam,TD0906,TCD0906,2022,14.000115794349236,4.145954286685481,103.0934836648633,187.25939530912245
Logone Oriental,Monts de Lam,TD0906,TCD0906,2023,14.000000000000002,4.270045552446395,104.40573722646822,105.74236859780194
Logone Oriental,Monts de Lam,TD0906,TCD0906,2024,15.000134970981238,28.36603962821443,84.76421082387063,104.2822991283672
Logone Oriental,Monts de Lam,TD0906,TCD0906,2025,15.999947868472155,56.56304614367142,86.89656486573493,99.84652310882072
Logone Oriental,Monts de Lam,TD0906,TCD0906,2026,17.0,34.96300954705155,94.18864731861832,87.0616372918317
Mandoul,Barh-Sara,TD1002,TCD1002,1999,,0.0,99.11488155138002,99.871130013578
Mandoul,Barh-Sara,TD1002,TCD1002,2000,,9.56,103.50897065396936,78.30130010123031
Mandoul,Barh-Sara,TD1002,TCD1002,2001,,26.054111111111112,97.65962828361056,100.02418471595053
Mandoul,Barh-Sara,TD1002,TCD1002,2002,,34.32688888888889,97.50480717030764,93.22793403791472
Mandoul,Barh-Sara,TD1002,TCD1002,2003,,9.428222222222225,106.14001841758096,99.77646412542886
Mandoul,Barh-Sara,TD1002,TCD1002,2004,,1.473888888888889,108.8888019913487,94.63133855492865
Mandoul,Barh-Sara,TD1002,TCD1002,2005,,1.3647777777777776,104.07597654894698,85.51525537332563
Mandoul,Barh-Sara,TD1002,TCD1002,2006,,2.0685555555555557,103.237757816774,95.36188972460518
Mandoul,Barh-Sara,TD1002,TCD1002,2007,,0.9046666666666666,107.16540398436828,87.94961978171565
Mandoul,Barh-Sara,TD1002,TCD1002,2008,,1.5777777777777775,118.10925931872384,128.94772300899325
Mandoul,Barh-Sara,TD1002,TCD1002,2009,,2.6855555555555553,97.80174502204832,99.04643119966556
Mandoul,Barh-Sara,TD1002,TCD1002,2010,,0.7124444444444444,94.25293988529462,109.71620963311786
Mandoul,Barh-Sara,TD1002,TCD1002,2011,,20.280777777777775,94.63438896406149,108.51906619356754
Mandoul,Barh-Sara,TD1002,TCD1002,2012,,0.3198888888888889,109.14971858210136,141.40596118698585
Mandoul,Barh-Sara,TD1002,TCD1002,2013,,0.927,111.91107262386669,113.94490721706472
Mandoul,Barh-Sara,TD1002,TCD1002,2014,4.999814133303595,11.526666666666666,87.68696073057211,93.68917112068516
Mandoul,Barh-Sara,TD1002,TCD1002,2015,1.9999256533214376,11.602444444444444,85.72896980829837,99.55966542172963
Mandoul,Barh-Sara,TD1002,TCD1002,2016,10.0,2.2446666666666664,94.10956310518456,103.43284768120398
Mandoul,Barh-Sara,TD1002,TCD1002,2017,0.0,4.950444444444445,97.4503679134368,109.371404682852
Mandoul,Barh-Sara,TD1002,TCD1002,2018,1.0001005463015715,6.450555555555556,95.79780115143902,94.58124164331689
Mandoul,Barh-Sara,TD1002,TCD1002,2019,4.000090668290061,15.201222222222222,92.03714688293736,111.9764440866642
Mandoul,Barh-Sara,TD1002,TCD1002,2020,3.000139217597104,4.002888888888889,99.55498544455386,142.15862409695998
Mandoul,Barh-Sara,TD1002,TCD1002,2021,7.000135966038705,6.129555555555555,96.36290663513384,118.0875763114162
Mandoul,Barh-Sara,TD1002,TCD1002,2022,2.0,4.804666666666667,111.44096496836818,136.92937026454624
Mandoul,Barh-Sara,TD1002,TCD1002,2023,9.000034908017373,6.428999999999999,102.60967204460891,94.76884593990442
Mandoul,Barh-Sara,TD1002,TCD1002,2024,17.999956464006615,24.506777777777778,84.06529050108418,120.4091362946942
Mandoul,Barh-Sara,TD1002,TCD1002,2025,26.0,31.348333333333333,99.95149716433224,102.38668596837329
Mandoul,Barh-Sara,TD1002,TCD1002,2026,10.0,33.82944444444445,98.21136628688616,74.61071244718231
Mandoul,Mandoul Occidental,TD1003,TCD1003,1999,,0.0,105.2502481383488,99.871130013578
Mandoul,Mandoul Occidental,TD1003,TCD1003,2000,,9.56,115.80388068561822,78.30130010123031
Mandoul,Mandoul Occidental,TD1003,TCD1003,2001,,26.054111111111112,103.78612666737736,100.02418471595053
Mandoul,Mandoul Occidental,TD1003,TCD1003,2002,,34.32688888888889,101.4929649025313,93.22793403791472
Mandoul,Mandoul Occidental,TD1003,TCD1003,2003,,9.428222222222225,110.83079050790604,99.77646412542886
Mandoul,Mandoul Occidental,TD1003,TCD1003,2004,,1.473888888888889,119.84369538082552,94.63133855492865
Mandoul,Mandoul Occidental,TD1003,TCD1003,2005,,1.3647777777777776,115.65557849627268,85.51525537332563
Mandoul,Mandoul Occidental,TD1003,TCD1003,2006,,2.0685555555555557,102.232428561511,95.36188972460518
Mandoul,Mandoul Occidental,TD1003,TCD1003,2007,,0.9046666666666666,105.91892964877898,87.94961978171565
Mandoul,Mandoul Occidental,TD1003,TCD1003,2008,,1.5777777777777775,118.4346180176318,128.94772300899325
Mandoul,Mandoul Occidental,TD1003,TCD1003,2009,,2.6855555555555553,99.53694390224804,99.04643119966556
Mandoul,Mandoul Occidental,TD1003,TCD1003,2010,,0.7124444444444444,93.85589069597523,109.71620963311786
Mandoul,Mandoul Occidental,TD1003,TCD1003,2011,,20.280777777777775,94.55247919108449,108.51906619356754
Mandoul,Mandoul Occidental,TD1003,TCD1003,2012,,0.3198888888888889,109.59417518723514,141.40596118698585
Mandoul,Mandoul Occidental,TD1003,TCD1003,2013,,0.927,108.27245068467852,113.94490721706472
Mandoul,Mandoul Occidental,TD1003,TCD1003,2014,5.000156613800808,11.526666666666666,79.58609737551627,93.68917112068516
Mandoul,Mandoul Occidental,TD1003,TCD1003,2015,1.0002401411612392,11.602444444444444,82.75256371060001,99.55966542172963
Mandoul,Mandoul Occidental,TD1003,TCD1003,2016,11.999778127395215,2.2446666666666664,88.53494914569117,103.43284768120398
Mandoul,Mandoul Occidental,TD1003,TCD1003,2017,0.0,4.950444444444445,102.41557423039605,109.371404682852
Mandoul,Mandoul Occidental,TD1003,TCD1003,2018,0.0,6.450555555555556,97.88063835300632,94.58124164331689
Mandoul,Mandoul Occidental,TD1003,TCD1003,2019,2.0,15.201222222222222,85.23525230382,111.9764440866642
Mandoul,Mandoul Occidental,TD1003,TCD1003,2020,2.000161509004127,4.002888888888889,96.7084410507961,142.15862409695998
Mandoul,Mandoul Occidental,TD1003,TCD1003,2021,7.000012729610347,6.129555555555555,88.48707795392578,118.0875763114162
Mandoul,Mandoul Occidental,TD1003,TCD1003,2022,3.000181877130137,4.804666666666667,100.93811851799724,136.92937026454624
Mandoul,Mandoul Occidental,TD1003,TCD1003,2023,9.999885361855304,6.428999999999999,92.2326290388901,94.76884593990442
Mandoul,Mandoul Occidental,TD1003,TCD1003,2024,14.99996178743112,24.506777777777778,80.16745765133805,120.4091362946942
Mandoul,Mandoul Occidental,TD1003,TCD1003,2025,25.000092245816653,31.348333333333333,84.3513291285659,102.38668596837329
Mandoul,Mandoul Occidental,TD1003,TCD1003,2026,11.999999999999998,33.82944444444445,90.62609069501022,74.61071244718231
Mandoul,Mandoul Oriental,TD1001,TCD1001,1999,,0.0,106.6770109788258,99.871130013578
Mandoul,Mandoul Oriental,TD1001,TCD1001,2000,,9.56,110.45768425325926,78.30130010123031
Mandoul,Mandoul Oriental,TD1001,TCD1001,2001,,26.054111111111112,103.24704180926494,100.02418471595053
Mandoul,Mandoul Oriental,TD1001,TCD1001,2002,,34.32688888888889,102.0905259780931,93.22793403791472
Mandoul,Mandoul Oriental,TD1001,TCD1001,2003,,9.428222222222225,108.37059247586969,99.77646412542886
Mandoul,Mandoul Oriental,TD1001,TCD1001,2004,,1.473888888888889,117.3679296065856,94.63133855492865
Mandoul,Mandoul Oriental,TD1001,TCD1001,2005,,1.3647777777777776,111.6657906822774,85.51525537332563
Mandoul,Mandoul Oriental,TD1001,TCD1001,2006,,2.0685555555555557,105.7353094182368,95.36188972460518
Mandoul,Mandoul Oriental,TD1001,TCD1001,2007,,0.9046666666666666,106.18370729785202,87.94961978171565
Mandoul,Mandoul Oriental,TD1001,TCD1001,2008,,1.5777777777777775,112.10960229076132,128.94772300899325
Mandoul,Mandoul Oriental,TD1001,TCD1001,2009,,2.6855555555555553,104.02596431082809,99.04643119966556
Mandoul,Mandoul Oriental,TD1001,TCD1001,2010,,0.7124444444444444,101.68842643584786,109.71620963311786
Mandoul,Mandoul Oriental,TD1001,TCD1001,2011,,20.280777777777775,94.91394233834131,108.51906619356754
Mandoul,Mandoul Oriental,TD1001,TCD1001,2012,,0.3198888888888889,113.65808197563088,141.40596118698585
Mandoul,Mandoul Oriental,TD1001,TCD1001,2013,,0.927,111.9877619929394,113.94490721706472
Mandoul,Mandoul Oriental,TD1001,TCD1001,2014,0.0,11.526666666666666,86.79758508136402,93.68917112068516
Mandoul,Mandoul Oriental,TD1001,TCD1001,2015,0.9998399994775492,11.602444444444444,83.98222338271779,99.55966542172963
Mandoul,Mandoul Oriental,TD1001,TCD1001,2016,9.000006091580826,2.2446666666666664,95.34937158437528,103.43284768120398
Mandoul,Mandoul Oriental,TD1001,TCD1001,2017,0.0,4.950444444444445,101.41435051353729,109.371404682852
Mandoul,Mandoul Oriental,TD1001,TCD1001,2018,0.0,6.450555555555556,101.80324847689904,94.58124164331689
Mandoul,Mandoul Oriental,TD1001,TCD1001,2019,3.00002197415839,15.201222222222222,88.89628652245759,111.9764440866642
Mandoul,Mandoul Oriental,TD1001,TCD1001,2020,1.000108794005185,4.002888888888889,89.77717120043889,142.15862409695998
Mandoul,Mandoul Oriental,TD1001,TCD1001,2021,2.9999589924443577,6.129555555555555,83.11219028738999,118.0875763114162
Mandoul,Mandoul Oriental,TD1001,TCD1001,2022,2.999948020702612,4.804666666666667,98.39359305479928,136.92937026454624
Mandoul,Mandoul Oriental,TD1001,TCD1001,2023,6.000020077700702,6.428999999999999,86.23295850123094,94.76884593990442
Mandoul,Mandoul Oriental,TD1001,TCD1001,2024,17.999939989428906,24.506777777777778,74.061649550176,120.4091362946942
Mandoul,Mandoul Oriental,TD1001,TCD1001,2025,10.0,31.348333333333333,83.54880700420081,102.38668596837329
Mandoul,Mandoul Oriental,TD1001,TCD1001,2026,10.0,33.82944444444445,89.35906226302171,74.61071244718231
Mayo-Kebbi Est,Kabbia,TD1102,TCD1102,1999,,0.0,111.32576070363872,104.72880572101138
Mayo-Kebbi Est,Kabbia,TD1102,TCD1102,2000,,21.651333333333337,108.97401388333545,66.3144293576962
Mayo-Kebbi Est,Kabbia,TD1102,TCD1102,2001,,20.630777777777777,119.77055271664176,97.70258441885808
Mayo-Kebbi Est,Kabbia,TD1102,TCD1102,2002,,83.491,105.12486607222098,105.7140645499348
Mayo-Kebbi Est,Kabbia,TD1102,TCD1102,2003,,41.02611111111111,108.01476924884228,112.26432882715694
Mayo-Kebbi Est,Kabbia,TD1102,TCD1102,2004,,9.850444444444443,123.9957646496088,82.0700359448779
Mayo-Kebbi Est,Kabbia,TD1102,TCD1102,2005,,4.953444444444444,121.08238920964874,122.43389099829902
Mayo-Kebbi Est,Kabbia,TD1102,TCD1102,2006,,34.29277777777778,93.5853388125174,105.70533139351404
Mayo-Kebbi Est,Kabbia,TD1102,TCD1102,2007,,0.1554444444444444,112.30663073083886,120.93039872813486
Mayo-Kebbi Est,Kabbia,TD1102,TCD1102,2008,,0.2953333333333333,117.0760201681408,103.313240457538
Mayo-Kebbi Est,Kabbia,TD1102,TCD1102,2009,,7.507555555555555,103.95403879824045,85.9928110244191
Mayo-Kebbi Est,Kabbia,TD1102,TCD1102,2010,,1.8026666666666664,101.4472650944532,101.72539383558244
Mayo-Kebbi Est,Kabbia,TD1102,TCD1102,2011,,34.273111111111106,88.53815311609148,105.21627463395173
Mayo-Kebbi Est,Kabbia,TD1102,TCD1102,2012,,0.1093333333333333,120.78003796022854,124.98159090322672
Mayo-Kebbi Est,Kabbia,TD1102,TCD1102,2013,,6.437777777777778,111.34647698080347,125.28129695312084
Mayo-Kebbi Est,Kabbia,TD1102,TCD1102,2014,1.999978824999206,15.200666666666663,92.09350073696582,90.9722980308717
Mayo-Kebbi Est,Kabbia,TD1102,TCD1102,2015,3.999957649998412,67.16244444444445,72.60920768484681,98.60289345350688
Mayo-Kebbi Est,Kabbia,TD1102,TCD1102,2016,4.999846599102093,5.063444444444444,89.11602593492518,100.48330081555773
Mayo-Kebbi Est,Kabbia,TD1102,TCD1102,2017,0.0,23.522222222222226,89.00616539171114,104.37352503934882
Mayo-Kebbi Est,Kabbia,TD1102,TCD1102,2018,0.0,4.076555555555555,89.9516417539111,120.58345424123758
Mayo-Kebbi Est,Kabbia,TD1102,TCD1102,2019,2.9998493619402185,11.603444444444444,88.12852851371512,100.31756932439112
Mayo-Kebbi Est,Kabbia,TD1102,TCD1102,2020,5.00005939723684,8.754333333333333,82.1021716474851,126.11749668040817
Mayo-Kebbi Est,Kabbia,TD1102,TCD1102,2021,2.999905338615247,21.321444444444445,79.6445314948912,160.85958076879564
Mayo-Kebbi Est,Kabbia,TD1102,TCD1102,2022,8.999891958079735,32.21,89.96841312351674,176.78250669376592
Mayo-Kebbi Est,Kabbia,TD1102,TCD1102,2023,9.000118830501206,4.340777777777777,98.08641370844,102.51753081911052
Mayo-Kebbi Est,Kabbia,TD1102,TCD1102,2024,12.999945122650876,18.065888888888892,81.97132186434098,140.37397757563608
Mayo-Kebbi Est,Kabbia,TD1102,TCD1102,2025,18.000019955399683,42.91877777777778,78.67431259137709,93.55235031072174
Mayo-Kebbi Est,Kabbia,TD1102,TCD1102,2026,5.0,20.659666666666663,84.32411364795081,108.511453336165
Mayo-Kebbi Est,Mayo-Boneye,TD1101,TCD1101,1999,,0.0,102.7024307018976,126.46249922038938
Mayo-Kebbi Est,Mayo-Boneye,TD1101,TCD1101,2000,,9.996666666666666,108.41611568810166,85.18941017175577
Mayo-Kebbi Est,Mayo-Boneye,TD1101,TCD1101,2001,,29.229666666666667,93.13874212664166,106.37309045696249
Mayo-Kebbi Est,Mayo-Boneye,TD1101,TCD1101,2002,,87.9868888888889,85.11214789987112,93.82789818989504
Mayo-Kebbi Est,Mayo-Boneye,TD1101,TCD1101,2003,,0.0036666666666666,117.02886646789165,122.96320439076698
Mayo-Kebbi Est,Mayo-Boneye,TD1101,TCD1101,2004,,38.40233333333334,103.7331971678129,75.88136237709816
Mayo-Kebbi Est,Mayo-Boneye,TD1101,TCD1101,2005,,6.567333333333334,111.71894597068103,112.55585532841224
Mayo-Kebbi Est,Mayo-Boneye,TD1101,TCD1101,2006,,11.066444444444445,82.71905890686418,111.66981528761094
Mayo-Kebbi Est,Mayo-Boneye,TD1101,TCD1101,2007,,0.2441111111111111,100.43539585421097,93.5092134885714
Mayo-Kebbi Est,Mayo-Boneye,TD1101,TCD1101,2008,,6.415888888888889,105.96050652711756,100.85706870431734
Mayo-Kebbi Est,Mayo-Boneye,TD1101,TCD1101,2009,,29.62211111111111,86.92010633289198,88.65550867832359
Mayo-Kebbi Est,Mayo-Boneye,TD1101,TCD1101,2010,,3.149888888888889,97.0655842576964,116.05696086656484
Mayo-Kebbi Est,Mayo-Boneye,TD1101,TCD1101,2011,,9.65922222222222,88.57665192028254,114.60899761187662
Mayo-Kebbi Est,Mayo-Boneye,TD1101,TCD1101,2012,,0.0481111111111111,124.12847053846257,132.98185468862854
Mayo-Kebbi Est,Mayo-Boneye,TD1101,TCD1101,2013,,2.9686666666666666,109.87300303120662,107.28669350539089
Mayo-Kebbi Est,Mayo-Boneye,TD1101,TCD1101,2014,0.0,6.913777777777778,82.92233409721507,89.42083481710837
Mayo-Kebbi Est,Mayo-Boneye,TD1101,TCD1101,2015,3.0001334761642373,21.326666666666668,78.07910095924063,99.13307299368464
Mayo-Kebbi Est,Mayo-Boneye,TD1101,TCD1101,2016,7.000138845729172,1.0643333333333331,104.65540940270546,110.25806620352766
Mayo-Kebbi Est,Mayo-Boneye,TD1101,TCD1101,2017,0.0,1.0462222222222222,97.58696185495128,107.72589091889432
Mayo-Kebbi Est,Mayo-Boneye,TD1101,TCD1101,2018,0.0,0.2082222222222222,105.42380059394478,124.6417311983068
Mayo-Kebbi Est,Mayo-Boneye,TD1101,TCD1101,2019,4.999940373974432,0.3198888888888889,107.62156039202118,109.26157294238124
Mayo-Kebbi Est,Mayo-Boneye,TD1101,TCD1101,2020,4.000133830364437,5.316888888888889,94.26770991262782,168.64456395120746
Mayo-Kebbi Est,Mayo-Boneye,TD1101,TCD1101,2021,13.999983309178004,3.0028888888888887,92.2053776680997,177.53433807537778
Mayo-Kebbi Est,Mayo-Boneye,TD1101,TCD1101,2022,7.999892546775731,8.164666666666667,102.30032351227578,164.04455952503102
Mayo-Kebbi Est,Mayo-Boneye,TD1101,TCD1101,2023,12.000030062078192,0.3172222222222223,116.16161443543469,90.45092678098273
Mayo-Kebbi Est,Mayo-Boneye,TD1101,TCD1101,2024,15.000048380229902,3.161666666666666,101.24658377985298,155.64267075484415
Mayo-Kebbi Est,Mayo-Boneye,TD1101,TCD1101,2025,15.000048380229902,3.2181111111111114,113.48366713354052,93.84077433944346
Mayo-Kebbi Est,Mayo-Boneye,TD1101,TCD1101,2026,10.0,1.1584444444444444,100.55467812488844,83.84445611345498
Mayo-Kebbi Est,Mayo-Lemié,TD1103,TCD1103,1999,,0.0,107.0371146248019,124.9625840363832
Mayo-Kebbi Est,Mayo-Lemié,TD1103,TCD1103,2000,,8.41504035500224,118.70906654022406,88.54751841558277
Mayo-Kebbi Est,Mayo-Lemié,TD1103,TCD1103,2001,,28.614021896743218,98.40338196930148,105.45267621450311
Mayo-Kebbi Est,Mayo-Lemié,TD1103,TCD1103,2002,,85.77512423849247,76.47304836471778,92.91912855575316
Mayo-Kebbi Est,Mayo-Lemié,TD1103,TCD1103,2003,,1.5445605876402797,127.44974991580908,122.4792397881296
Mayo-Kebbi Est,Mayo-Lemié,TD1103,TCD1103,2004,,32.11929409622573,97.17126848743432,75.55592571117518
Mayo-Kebbi Est,Mayo-Lemié,TD1103,TCD1103,2005,,5.793241547700822,111.3254731816445,111.69878002305089
Mayo-Kebbi Est,Mayo-Lemié,TD1103,TCD1103,2006,,15.522715934567051,83.59135655793185,111.84610633442402
Mayo-Kebbi Est,Mayo-Lemié,TD1103,TCD1103,2007,,3.770371662493198,91.18112774120458,92.82886157159056
Mayo-Kebbi Est,Mayo-Lemié,TD1103,TCD1103,2008,,5.487337839790064,95.0776156476619,100.55478156494924
Mayo-Kebbi Est,Mayo-Lemié,TD1103,TCD1103,2009,,27.454441986435764,75.88712326959258,89.19285946430534
Mayo-Kebbi Est,Mayo-Lemié,TD1103,TCD1103,2010,,3.852272169050622,88.15147216213018,115.29180645534532
Mayo-Kebbi Est,Mayo-Lemié,TD1103,TCD1103,2011,,8.539655881112388,96.03768539059404,116.46129422060127
Mayo-Kebbi Est,Mayo-Lemié,TD1103,TCD1103,2012,,0.0435281354070692,130.7691220967677,130.16576709703017
Mayo-Kebbi Est,Mayo-Lemié,TD1103,TCD1103,2013,,3.267483541112138,102.62584279372922,107.06473775952072
Mayo-Kebbi Est,Mayo-Lemié,TD1103,TCD1103,2014,0.0,6.867014769137552,85.84722926833615,89.27280565147421
Mayo-Kebbi Est,Mayo-Lemié,TD1103,TCD1103,2015,4.0000393704662445,18.146953542679793,76.66130402943622,102.6827328762404
Mayo-Kebbi Est,Mayo-Lemié,TD1103,TCD1103,2016,4.999857391403554,0.9063419207674852,103.23600382402157,111.24341308650855
Mayo-Kebbi Est,Mayo-Lemié,TD1103,TCD1103,2017,0.0,0.8792338723175469,100.16318016882975,108.76885319301388
Mayo-Kebbi Est,Mayo-Lemié,TD1103,TCD1103,2018,0.0,0.1814200201091135,103.4005208355342,125.4289243438255
Mayo-Kebbi Est,Mayo-Lemié,TD1103,TCD1103,2019,3.000008282739599,0.3652777396616821,118.01054677156657,110.11709062847385
Mayo-Kebbi Est,Mayo-Lemié,TD1103,TCD1103,2020,3.000008282739599,4.409809975023431,96.52280460929012,169.28569706997484
Mayo-Kebbi Est,Mayo-Lemié,TD1103,TCD1103,2021,7.000112001792029,2.594232465260816,94.90995847769553,169.82196259318005
Mayo-Kebbi Est,Mayo-Lemié,TD1103,TCD1103,2022,7.99979095273292,7.7196746676277135,107.40597975204965,162.14197540070955
Mayo-Kebbi Est,Mayo-Lemié,TD1103,TCD1103,2023,10.999920749850506,0.266456764463661,113.61796040859792,93.8212771962473
Mayo-Kebbi Est,Mayo-Lemié,TD1103,TCD1103,2024,13.999899136173372,2.6040672068761297,100.3340631110968,162.75065683667808
Mayo-Kebbi Est,Mayo-Lemié,TD1103,TCD1103,2025,17.000243486729975,2.6886071784853844,121.78357393440504,96.703716133607
Mayo-Kebbi Est,Mayo-Lemié,TD1103,TCD1103,2026,7.000000000000001,1.2864934224799838,110.61910777317745,85.13727535151972
Mayo-Kebbi Est,Mont Illi,TD1104,TCD1104,1999,,0.0,105.7498200306056,104.72880572101138
Mayo-Kebbi Est,Mont Illi,TD1104,TCD1104,2000,,21.651333333333337,111.6020988246142,66.3144293576962
Mayo-Kebbi Est,Mont Illi,TD1104,TCD1104,2001,,20.630777777777777,106.52422551425536,97.70258441885808
Mayo-Kebbi Est,Mont Illi,TD1104,TCD1104,2002,,83.491,97.02433726527158,105.7140645499348
Mayo-Kebbi Est,Mont Illi,TD1104,TCD1104,2003,,41.02611111111111,97.71580843294532,112.26432882715694
Mayo-Kebbi Est,Mont Illi,TD1104,TCD1104,2004,,9.850444444444443,114.76043209419092,82.0700359448779
Mayo-Kebbi Est,Mont Illi,TD1104,TCD1104,2005,,4.953444444444444,118.16731042220086,122.43389099829902
Mayo-Kebbi Est,Mont Illi,TD1104,TCD1104,2006,,34.29277777777778,86.15791813118774,105.70533139351404
Mayo-Kebbi Est,Mont Illi,TD1104,TCD1104,2007,,0.1554444444444444,108.22066529286607,120.93039872813486
Mayo-Kebbi Est,Mont Illi,TD1104,TCD1104,2008,,0.2953333333333333,118.7941514166279,103.313240457538
Mayo-Kebbi Est,Mont Illi,TD1104,TCD1104,2009,,7.507555555555555,101.1845243336223,85.9928110244191
Mayo-Kebbi Est,Mont Illi,TD1104,TCD1104,2010,,1.8026666666666664,110.05429266451924,101.72539383558244
Mayo-Kebbi Est,Mont Illi,TD1104,TCD1104,2011,,34.273111111111106,93.6250552556826,105.21627463395173
Mayo-Kebbi Est,Mont Illi,TD1104,TCD1104,2012,,0.1093333333333333,122.99640873768874,124.98159090322672
Mayo-Kebbi Est,Mont Illi,TD1104,TCD1104,2013,,6.437777777777778,110.63971293910156,125.28129695312084
Mayo-Kebbi Est,Mont Illi,TD1104,TCD1104,2014,0.0,15.200666666666663,90.64690829415424,90.9722980308717
Mayo-Kebbi Est,Mont Illi,TD1104,TCD1104,2015,2.000127554635902,67.16244444444445,67.56092294441784,98.60289345350688
Mayo-Kebbi Est,Mont Illi,TD1104,TCD1104,2016,4.000164277793749,5.063444444444444,86.3681888418425,100.48330081555773
Mayo-Kebbi Est,Mont Illi,TD1104,TCD1104,2017,0.0,23.522222222222226,82.56422681716377,104.37352503934882
Mayo-Kebbi Est,Mont Illi,TD1104,TCD1104,2018,0.0,4.076555555555555,94.9414185186166,120.58345424123758
Mayo-Kebbi Est,Mont Illi,TD1104,TCD1104,2019,4.000037037379975,11.603444444444444,98.72695767521574,100.31756932439112
Mayo-Kebbi Est,Mont Illi,TD1104,TCD1104,2020,3.00014311952866,8.754333333333333,88.49201733848044,126.11749668040817
Mayo-Kebbi Est,Mont Illi,TD1104,TCD1104,2021,5.0001151967560595,21.321444444444445,85.21845585652504,160.85958076879564
Mayo-Kebbi Est,Mont Illi,TD1104,TCD1104,2022,4.00006675121821,32.21,93.47534409189956,176.78250669376592
Mayo-Kebbi Est,Mont Illi,TD1104,TCD1104,2023,11.99996887773098,4.340777777777777,111.14290583954008,102.51753081911052
Mayo-Kebbi Est,Mont Illi,TD1104,TCD1104,2024,18.99993516177138,18.065888888888892,97.64589242676423,140.37397757563608
Mayo-Kebbi Est,Mont Illi,TD1104,TCD1104,2025,11.999979965390212,42.91877777777778,94.65762164942235,93.55235031072174
Mayo-Kebbi Est,Mont Illi,TD1104,TCD1104,2026,21.0,20.659666666666663,98.7219345409044,108.511453336165
Mayo-Kebbi Ouest,Lac Léré,TD1202,TCD1202,1999,,0.2108888888888889,92.39102651972236,106.61251872410304
Mayo-Kebbi Ouest,Lac Léré,TD1202,TCD1202,2000,,8.359222222222222,117.24171566399708,67.62002484871337
Mayo-Kebbi Ouest,Lac Léré,TD1202,TCD1202,2001,,19.077777777777776,103.7707797382757,89.94389465464204
Mayo-Kebbi Ouest,Lac Léré,TD1202,TCD1202,2002,,72.89411111111112,97.75709777620882,101.5566503275044
Mayo-Kebbi Ouest,Lac Léré,TD1202,TCD1202,2003,,48.827,99.3433807892762,118.88028318467374
Mayo-Kebbi Ouest,Lac Léré,TD1202,TCD1202,2004,,8.573777777777778,119.98242903578972,89.47246964480351
Mayo-Kebbi Ouest,Lac Léré,TD1202,TCD1202,2005,,8.793333333333333,112.98221646824234,125.56635904536438
Mayo-Kebbi Ouest,Lac Léré,TD1202,TCD1202,2006,,2.392333333333333,92.16727444175122,114.2121865837552
Mayo-Kebbi Ouest,Lac Léré,TD1202,TCD1202,2007,,0.6114444444444445,102.14837953014228,98.95289252622403
Mayo-Kebbi Ouest,Lac Léré,TD1202,TCD1202,2008,,1.2954444444444446,117.24125683256396,111.7384415364994
Mayo-Kebbi Ouest,Lac Léré,TD1202,TCD1202,2009,,5.285777777777778,99.61747157230336,93.30856703692486
Mayo-Kebbi Ouest,Lac Léré,TD1202,TCD1202,2010,,0.7451111111111111,107.12156625282736,96.9569598031883
Mayo-Kebbi Ouest,Lac Léré,TD1202,TCD1202,2011,,40.99755555555556,82.30293416908656,112.10231241384854
Mayo-Kebbi Ouest,Lac Léré,TD1202,TCD1202,2012,,0.0077777777777777,124.34801000226878,108.29670929683913
Mayo-Kebbi Ouest,Lac Léré,TD1202,TCD1202,2013,,5.659222222222223,99.22506511764476,118.46861047066264
Mayo-Kebbi Ouest,Lac Léré,TD1202,TCD1202,2014,4.0,15.062777777777775,93.06034184855434,91.47602593661723
Mayo-Kebbi Ouest,Lac Léré,TD1202,TCD1202,2015,3.9997858213750264,59.45288888888889,70.7800529996944,100.59381419508507
Mayo-Kebbi Ouest,Lac Léré,TD1202,TCD1202,2016,8.000017848218748,1.8854444444444445,98.81503653557638,106.67494957112274
Mayo-Kebbi Ouest,Lac Léré,TD1202,TCD1202,2017,0.0,16.71055555555556,96.51532357522343,110.47272307695478
Mayo-Kebbi Ouest,Lac Léré,TD1202,TCD1202,2018,0.0,7.537777777777778,102.9839506313656,130.06694317556668
Mayo-Kebbi Ouest,Lac Léré,TD1202,TCD1202,2019,2.9998872661258034,7.389666666666667,104.16451513406848,102.7978497415198
Mayo-Kebbi Ouest,Lac Léré,TD1202,TCD1202,2020,1.0000295211666763,13.098666666666666,82.75334076643233,137.39916800079124
Mayo-Kebbi Ouest,Lac Léré,TD1202,TCD1202,2021,5.000168962681776,23.927888888888887,89.10119863406317,154.93481848694827
Mayo-Kebbi Ouest,Lac Léré,TD1202,TCD1202,2022,4.000014504630603,32.46377777777778,91.07656532437194,160.74500810776843
Mayo-Kebbi Ouest,Lac Léré,TD1202,TCD1202,2023,10.0,2.948888888888889,110.61197084173992,95.138841670839
Mayo-Kebbi Ouest,Lac Léré,TD1202,TCD1202,2024,2.9999323730303646,13.21877777777778,92.49709979880998,108.83901289207292
Mayo-Kebbi Ouest,Lac Léré,TD1202,TCD1202,2025,4.000013060200996,57.52988888888889,85.69034539552078,97.93689745475824
Mayo-Kebbi Ouest,Lac Léré,TD1202,TCD1202,2026,9.0,22.406222222222222,102.97940930409058,105.35895676612331
Mayo-Kebbi Ouest,Mayo-Binder,TD1203,TCD1203,1999,,0.2108888888888889,94.3119625739268,106.61251872410304
Mayo-Kebbi Ouest,Mayo-Binder,TD1203,TCD1203,2000,,8.359222222222222,117.15799920781136,67.62002484871337
Mayo-Kebbi Ouest,Mayo-Binder,TD1203,TCD1203,2001,,19.077777777777776,92.65456551959706,89.94389465464204
Mayo-Kebbi Ouest,Mayo-Binder,TD1203,TCD1203,2002,,72.89411111111112,90.23640214222772,101.5566503275044
Mayo-Kebbi Ouest,Mayo-Binder,TD1203,TCD1203,2003,,48.827,101.60711802112657,118.88028318467374
Mayo-Kebbi Ouest,Mayo-Binder,TD1203,TCD1203,2004,,8.573777777777778,120.89698887422084,89.47246964480351
Mayo-Kebbi Ouest,Mayo-Binder,TD1203,TCD1203,2005,,8.793333333333333,119.30173046292578,125.56635904536438
Mayo-Kebbi Ouest,Mayo-Binder,TD1203,TCD1203,2006,,2.392333333333333,93.14495527249322,114.2121865837552
Mayo-Kebbi Ouest,Mayo-Binder,TD1203,TCD1203,2007,,0.6114444444444445,94.84985483926611,98.95289252622403
Mayo-Kebbi Ouest,Mayo-Binder,TD1203,TCD1203,2008,,1.2954444444444446,115.37332215051627,111.7384415364994
Mayo-Kebbi Ouest,Mayo-Binder,TD1203,TCD1203,2009,,5.285777777777778,104.34258154041,93.30856703692486
Mayo-Kebbi Ouest,Mayo-Binder,TD1203,TCD1203,2010,,0.7451111111111111,106.39447725568267,96.9569598031883
Mayo-Kebbi Ouest,Mayo-Binder,TD1203,TCD1203,2011,,40.99755555555556,81.48876882230202,112.10231241384854
Mayo-Kebbi Ouest,Mayo-Binder,TD1203,TCD1203,2012,,0.0077777777777777,126.62336821733552,108.29670929683913
Mayo-Kebbi Ouest,Mayo-Binder,TD1203,TCD1203,2013,,5.659222222222223,99.28256498839735,118.46861047066264
Mayo-Kebbi Ouest,Mayo-Binder,TD1203,TCD1203,2014,7.00048542975243,15.062777777777775,87.50054959617772,91.47602593661723
Mayo-Kebbi Ouest,Mayo-Binder,TD1203,TCD1203,2015,2.999857893988916,59.45288888888889,69.49965083204219,100.59381419508507
Mayo-Kebbi Ouest,Mayo-Binder,TD1203,TCD1203,2016,5.000071043919351,1.8854444444444445,96.05857613664035,106.67494957112274
Mayo-Kebbi Ouest,Mayo-Binder,TD1203,TCD1203,2017,0.0,16.71055555555556,90.5144589494202,110.47272307695478
Mayo-Kebbi Ouest,Mayo-Binder,TD1203,TCD1203,2018,0.0,7.537777777777778,103.80538097712468,130.06694317556668
Mayo-Kebbi Ouest,Mayo-Binder,TD1203,TCD1203,2019,0.9994746351276892,7.389666666666667,108.10672886453608,102.7978497415198
Mayo-Kebbi Ouest,Mayo-Binder,TD1203,TCD1203,2020,2.000396118043177,13.098666666666666,85.49083375939608,137.39916800079124
Mayo-Kebbi Ouest,Mayo-Binder,TD1203,TCD1203,2021,5.999665223941271,23.927888888888887,88.24865400302522,154.93481848694827
Mayo-Kebbi Ouest,Mayo-Binder,TD1203,TCD1203,2022,3.0001544197127794,32.46377777777778,100.49840301265314,160.74500810776843
Mayo-Kebbi Ouest,Mayo-Binder,TD1203,TCD1203,2023,8.00017227827248,2.948888888888889,112.79659965314634,95.138841670839
Mayo-Kebbi Ouest,Mayo-Binder,TD1203,TCD1203,2024,5.9995908391028605,13.21877777777778,99.81350432759896,108.83901289207292
Mayo-Kebbi Ouest,Mayo-Binder,TD1203,TCD1203,2025,8.0,57.52988888888889,100.07021273458967,97.93689745475824
Mayo-Kebbi Ouest,Mayo-Binder,TD1203,TCD1203,2026,13.0,22.406222222222222,114.49531752228356,105.35895676612331
Mayo-Kebbi Ouest,Mayo-Dallah,TD1201,TCD1201,1999,,0.2108888888888889,103.8256658678829,106.61251872410304
Mayo-Kebbi Ouest,Mayo-Dallah,TD1201,TCD1201,2000,,8.359222222222222,111.42666101728744,67.62002484871337
Mayo-Kebbi Ouest,Mayo-Dallah,TD1201,TCD1201,2001,,19.077777777777776,115.82188370938194,89.94389465464204
Mayo-Kebbi Ouest,Mayo-Dallah,TD1201,TCD1201,2002,,72.89411111111112,105.72808230371204,101.5566503275044
Mayo-Kebbi Ouest,Mayo-Dallah,TD1201,TCD1201,2003,,48.827,104.59455294982088,118.88028318467374
Mayo-Kebbi Ouest,Mayo-Dallah,TD1201,TCD1201,2004,,8.573777777777778,118.2187246529774,89.47246964480351
Mayo-Kebbi Ouest,Mayo-Dallah,TD1201,TCD1201,2005,,8.793333333333333,113.4491961216605,125.56635904536438
Mayo-Kebbi Ouest,Mayo-Dallah,TD1201,TCD1201,2006,,2.392333333333333,100.60691615524358,114.2121865837552
Mayo-Kebbi Ouest,Mayo-Dallah,TD1201,TCD1201,2007,,0.6114444444444445,103.18758716289742,98.95289252622403
Mayo-Kebbi Ouest,Mayo-Dallah,TD1201,TCD1201,2008,,1.2954444444444446,110.14871295909654,111.7384415364994
Mayo-Kebbi Ouest,Mayo-Dallah,TD1201,TCD1201,2009,,5.285777777777778,112.21234830197974,93.30856703692486
Mayo-Kebbi Ouest,Mayo-Dallah,TD1201,TCD1201,2010,,0.7451111111111111,100.95699777078386,96.9569598031883
Mayo-Kebbi Ouest,Mayo-Dallah,TD1201,TCD1201,2011,,40.99755555555556,90.98187707638964,112.10231241384854
Mayo-Kebbi Ouest,Mayo-Dallah,TD1201,TCD1201,2012,,0.0077777777777777,112.36525631044992,108.29670929683913
Mayo-Kebbi Ouest,Mayo-Dallah,TD1201,TCD1201,2013,,5.659222222222223,105.71387392622871,118.46861047066264
Mayo-Kebbi Ouest,Mayo-Dallah,TD1201,TCD1201,2014,6.000043426128537,15.062777777777775,93.6123904023069,91.47602593661723
Mayo-Kebbi Ouest,Mayo-Dallah,TD1201,TCD1201,2015,1.0000072376880895,59.45288888888889,74.5871609667839,100.59381419508507
Mayo-Kebbi Ouest,Mayo-Dallah,TD1201,TCD1201,2016,5.000011651779576,1.8854444444444445,91.31934195597304,106.67494957112274
Mayo-Kebbi Ouest,Mayo-Dallah,TD1201,TCD1201,2017,0.0,16.71055555555556,90.8446399179883,110.47272307695478
Mayo-Kebbi Ouest,Mayo-Dallah,TD1201,TCD1201,2018,0.0,7.537777777777778,94.8896124774873,130.06694317556668
Mayo-Kebbi Ouest,Mayo-Dallah,TD1201,TCD1201,2019,2.000067250343607,7.389666666666667,94.05728305049222,102.7978497415198
Mayo-Kebbi Ouest,Mayo-Dallah,TD1201,TCD1201,2020,2.000061670816599,13.098666666666666,87.74444360178346,137.39916800079124
Mayo-Kebbi Ouest,Mayo-Dallah,TD1201,TCD1201,2021,5.000019609458034,23.927888888888887,84.84357927062855,154.93481848694827
Mayo-Kebbi Ouest,Mayo-Dallah,TD1201,TCD1201,2022,5.999924248163018,32.46377777777778,94.79451982770966,160.74500810776843
Mayo-Kebbi Ouest,Mayo-Dallah,TD1201,TCD1201,2023,2.0000361801045607,2.948888888888889,98.93053156317404,95.138841670839
Mayo-Kebbi Ouest,Mayo-Dallah,TD1201,TCD1201,2024,9.000052861242649,13.21877777777778,85.13816067988037,108.83901289207292
Mayo-Kebbi Ouest,Mayo-Dallah,TD1201,TCD1201,2025,4.000068208171339,57.52988888888889,79.54634864538338,97.93689745475824
Mayo-Kebbi Ouest,Mayo-Dallah,TD1201,TCD1201,2026,13.0,22.406222222222222,89.99944571770811,105.35895676612331
Moyen-Chari,Bahr-Köh,TD1301,TCD1301,1999,,0.0,100.1645996703002,104.85780652514208
Moyen-Chari,Bahr-Köh,TD1301,TCD1301,2000,,10.204,101.46224335133252,77.16374009927223
Moyen-Chari,Bahr-Köh,TD1301,TCD1301,2001,,15.05577777777778,93.17606526972656,100.56377032917588
Moyen-Chari,Bahr-Köh,TD1301,TCD1301,2002,,19.22877777777778,94.2915108945003,88.13875873235938
Moyen-Chari,Bahr-Köh,TD1301,TCD1301,2003,,16.323999999999998,108.18722131306028,91.79709827672175
Moyen-Chari,Bahr-Köh,TD1301,TCD1301,2004,,0.2433333333333333,110.30026173700088,104.35067383150133
Moyen-Chari,Bahr-Köh,TD1301,TCD1301,2005,,0.6487777777777777,108.81803198686733,86.39428481086331
Moyen-Chari,Bahr-Köh,TD1301,TCD1301,2006,,2.6175555555555556,102.2763980396972,100.91905856435756
Moyen-Chari,Bahr-Köh,TD1301,TCD1301,2007,,0.1178888888888888,101.95856140430786,79.59585746079235
Moyen-Chari,Bahr-Köh,TD1301,TCD1301,2008,,0.0,109.03426758693008,124.0737748636614
Moyen-Chari,Bahr-Köh,TD1301,TCD1301,2009,,1.5334444444444444,93.49399165138831,92.40187008438312
Moyen-Chari,Bahr-Köh,TD1301,TCD1301,2010,,0.1843333333333333,96.81723854547865,118.73437470139284
Moyen-Chari,Bahr-Köh,TD1301,TCD1301,2011,,7.0633333333333335,90.65658704962742,99.85892711639733
Moyen-Chari,Bahr-Köh,TD1301,TCD1301,2012,,0.118,109.84278794504677,142.71798105940178
Moyen-Chari,Bahr-Köh,TD1301,TCD1301,2013,,0.0073333333333333,109.52234168278837,105.60903700383436
Moyen-Chari,Bahr-Köh,TD1301,TCD1301,2014,4.9999605120793555,0.155,87.89070451199869,88.99492519836204
Moyen-Chari,Bahr-Köh,TD1301,TCD1301,2015,4.000126361346065,0.4496666666666666,84.70725775709049,107.71852832489851
Moyen-Chari,Bahr-Köh,TD1301,TCD1301,2016,6.99989574406949,0.1621111111111111,102.2799722273289,101.6713314535198
Moyen-Chari,Bahr-Köh,TD1301,TCD1301,2017,1.000081067735778,1.4745555555555556,101.9468641206948,112.43213473502796
Moyen-Chari,Bahr-Köh,TD1301,TCD1301,2018,1.9998955668111325,0.5338888888888889,103.38004922628468,93.76621165449652
Moyen-Chari,Bahr-Köh,TD1301,TCD1301,2019,2.0001146591756007,0.5044444444444445,102.52179757997416,121.56556153783345
Moyen-Chari,Bahr-Köh,TD1301,TCD1301,2020,5.999986708048941,0.7583333333333333,92.7503605998753,149.1291529198786
Moyen-Chari,Bahr-Köh,TD1301,TCD1301,2021,10.000042794662653,1.262888888888889,93.39338057671276,146.8082260084887
Moyen-Chari,Bahr-Köh,TD1301,TCD1301,2022,4.000049595076862,0.1025555555555555,111.58756237180418,149.4312782210918
Moyen-Chari,Bahr-Köh,TD1301,TCD1301,2023,14.999990109722736,0.2078888888888889,100.06206497740853,97.80068764344004
Moyen-Chari,Bahr-Köh,TD1301,TCD1301,2024,12.999996146093872,11.877111111111113,89.47787792277443,125.71626629417868
Moyen-Chari,Bahr-Köh,TD1301,TCD1301,2025,15.000000000000002,8.479000000000001,96.31939268921504,97.14344784212346
Moyen-Chari,Bahr-Köh,TD1301,TCD1301,2026,5.0,13.742222222222225,100.69014029489888,72.8830815043373
Moyen-Chari,Grande Sido,TD1302,TCD1302,1999,,0.0,92.84195553336212,104.85780652514208
Moyen-Chari,Grande Sido,TD1302,TCD1302,2000,,10.204,99.34493263329549,77.16374009927223
Moyen-Chari,Grande Sido,TD1302,TCD1302,2001,,15.05577777777778,96.69387962633238,100.56377032917588
Moyen-Chari,Grande Sido,TD1302,TCD1302,2002,,19.22877777777778,97.05471527372544,88.13875873235938
Moyen-Chari,Grande Sido,TD1302,TCD1302,2003,,16.323999999999998,103.5113170014644,91.79709827672175
Moyen-Chari,Grande Sido,TD1302,TCD1302,2004,,0.2433333333333333,108.2727721823379,104.35067383150133
Moyen-Chari,Grande Sido,TD1302,TCD1302,2005,,0.6487777777777777,102.45869129605153,86.39428481086331
Moyen-Chari,Grande Sido,TD1302,TCD1302,2006,,2.6175555555555556,98.35366373706027,100.91905856435756
Moyen-Chari,Grande Sido,TD1302,TCD1302,2007,,0.1178888888888888,106.51366078987245,79.59585746079235
Moyen-Chari,Grande Sido,TD1302,TCD1302,2008,,0.0,117.2082651022747,124.0737748636614
Moyen-Chari,Grande Sido,TD1302,TCD1302,2009,,1.5334444444444444,99.69197610333794,92.40187008438312
Moyen-Chari,Grande Sido,TD1302,TCD1302,2010,,0.1843333333333333,99.23813780248118,118.73437470139284
Moyen-Chari,Grande Sido,TD1302,TCD1302,2011,,7.0633333333333335,93.64358587851235,99.85892711639733
Moyen-Chari,Grande Sido,TD1302,TCD1302,2012,,0.118,112.33284858840456,142.71798105940178
Moyen-Chari,Grande Sido,TD1302,TCD1302,2013,,0.0073333333333333,109.37902264332308,105.60903700383436
Moyen-Chari,Grande Sido,TD1302,TCD1302,2014,2.999871735866424,0.155,90.7272125928924,88.99492519836204
Moyen-Chari,Grande Sido,TD1302,TCD1302,2015,10.00007544949034,0.4496666666666666,87.9976855551117,107.71852832489851
Moyen-Chari,Grande Sido,TD1302,TCD1302,2016,7.999854243340742,0.1621111111111111,94.34663471718623,101.6713314535198
Moyen-Chari,Grande Sido,TD1302,TCD1302,2017,0.9997817377896376,1.4745555555555556,96.829691117088,112.43213473502796
Moyen-Chari,Grande Sido,TD1302,TCD1302,2018,2.9998979626543316,0.5338888888888889,96.43252022912988,93.76621165449652
Moyen-Chari,Grande Sido,TD1302,TCD1302,2019,3.999947421000052,0.5044444444444445,96.14968231780352,121.56556153783345
Moyen-Chari,Grande Sido,TD1302,TCD1302,2020,4.0,0.7583333333333333,96.9879334004704,149.1291529198786
Moyen-Chari,Grande Sido,TD1302,TCD1302,2021,7.999926409262621,1.262888888888889,94.2663051116829,146.8082260084887
Moyen-Chari,Grande Sido,TD1302,TCD1302,2022,12.999948977567136,0.1025555555555555,118.67149311432108,149.4312782210918
Moyen-Chari,Grande Sido,TD1302,TCD1302,2023,7.999750556994892,0.2078888888888889,104.08147167416924,97.80068764344004
Moyen-Chari,Grande Sido,TD1302,TCD1302,2024,20.999893344709896,11.877111111111113,86.9699459783088,125.71626629417868
Moyen-Chari,Grande Sido,TD1302,TCD1302,2025,6.999786689419796,8.479000000000001,104.56899566082114,97.14344784212346
Moyen-Chari,Grande Sido,TD1302,TCD1302,2026,15.0,13.742222222222225,105.79646321365736,72.8830815043373
Moyen-Chari,Lac Iro,TD1303,TCD1303,1999,,0.0,100.80261424178812,102.43118213119097
Moyen-Chari,Lac Iro,TD1303,TCD1303,2000,,1.913,95.63909445616594,61.361348989140986
Moyen-Chari,Lac Iro,TD1303,TCD1303,2001,,19.184555555555555,94.01716017886672,111.9382007592478
Moyen-Chari,Lac Iro,TD1303,TCD1303,2002,,35.074888888888886,95.40284734153798,75.13304493687649
Moyen-Chari,Lac Iro,TD1303,TCD1303,2003,,0.2571111111111111,108.58488303988632,92.56254966010415
Moyen-Chari,Lac Iro,TD1303,TCD1303,2004,,0.0,114.3811600483223,101.52167387657808
Moyen-Chari,Lac Iro,TD1303,TCD1303,2005,,0.0141111111111111,110.41035122466508,97.90694800035313
Moyen-Chari,Lac Iro,TD1303,TCD1303,2006,,0.0,108.11465907725388,108.91657102498456
Moyen-Chari,Lac Iro,TD1303,TCD1303,2007,,0.1281111111111111,107.4348106850886,84.65330625938024
Moyen-Chari,Lac Iro,TD1303,TCD1303,2008,,0.1998888888888889,111.11964563059256,92.51823077602188
Moyen-Chari,Lac Iro,TD1303,TCD1303,2009,,10.662555555555556,87.69232684604344,84.60051205085196
Moyen-Chari,Lac Iro,TD1303,TCD1303,2010,,1.8121111111111112,90.74802128789744,126.95859450869604
Moyen-Chari,Lac Iro,TD1303,TCD1303,2011,,23.398,83.3730384635603,84.96071333980754
Moyen-Chari,Lac Iro,TD1303,TCD1303,2012,,0.5397777777777777,110.40979698338472,165.13180895206142
Moyen-Chari,Lac Iro,TD1303,TCD1303,2013,,0.3536666666666666,107.00978262247608,101.16500397280832
Moyen-Chari,Lac Iro,TD1303,TCD1303,2014,2.0000370892367036,1.3753333333333333,86.7155775319962,100.22141785115213
Moyen-Chari,Lac Iro,TD1303,TCD1303,2015,5.000092723091759,3.589666666666667,84.30491994125624,113.70919042994612
Moyen-Chari,Lac Iro,TD1303,TCD1303,2016,7.999820872797295,0.1998888888888889,102.64685705513146,109.7100732762426
Moyen-Chari,Lac Iro,TD1303,TCD1303,2017,2.000051915688921,0.6087777777777778,96.17977970239468,136.80003531385188
Moyen-Chari,Lac Iro,TD1303,TCD1303,2018,2.0001003185112736,0.1878888888888888,99.52068199019818,99.65145228215766
Moyen-Chari,Lac Iro,TD1303,TCD1303,2019,2.9998182662601214,0.2235555555555555,106.48826657743406,111.39789882581442
Moyen-Chari,Lac Iro,TD1303,TCD1303,2020,6.999898563503148,0.2474444444444444,91.55829515325182,166.44636708749005
Moyen-Chari,Lac Iro,TD1303,TCD1303,2021,4.0000301462469805,11.475222222222222,97.29110351627138,135.59424384214708
Moyen-Chari,Lac Iro,TD1303,TCD1303,2022,6.000055736699831,0.0527777777777777,111.48895404843084,178.70186280568552
Moyen-Chari,Lac Iro,TD1303,TCD1303,2023,10.999877831923875,0.06,104.23871277606672,91.84850357552747
Moyen-Chari,Lac Iro,TD1303,TCD1303,2024,5.00011468904523,5.567222222222223,94.4266595800391,122.83587887348811
Moyen-Chari,Lac Iro,TD1303,TCD1303,2025,15.000065536812029,4.82811111111111,101.5343221650952,95.84302992848946
Moyen-Chari,Lac Iro,TD1303,TCD1303,2026,4.0,6.209,102.75650626326804,76.55584002825108
N'Djamena,N'Djaména,TD1801,TCD1801,1999,,0.0,136.6173569012223,117.95777103811864
N'Djamena,N'Djaména,TD1801,TCD1801,2000,,1.028625,147.20262107469506,104.23035203628834
N'Djamena,N'Djaména,TD1801,TCD1801,2001,,25.738875,110.3292892333528,101.15421339599452
N'Djamena,N'Djaména,TD1801,TCD1801,2002,,75.445875,87.13363678255517,88.67504768135149
N'Djamena,N'Djaména,TD1801,TCD1801,2003,,8.74075,120.74554385580524,120.21905762889598
N'Djamena,N'Djaména,TD1801,TCD1801,2004,,2.776625,98.91751813236934,74.03609111527463
N'Djamena,N'Djaména,TD1801,TCD1801,2005,,2.178125,111.76075808331434,107.69611887027064
N'Djamena,N'Djaména,TD1801,TCD1801,2006,,36.334125,80.89609407559529,112.66941009810454
N'Djamena,N'Djaména,TD1801,TCD1801,2007,,20.2385,78.7209173402055,89.65152327787946
N'Djamena,N'Djaména,TD1801,TCD1801,2008,,1.150875,119.6331396216876,99.14305848511594
N'Djamena,N'Djaména,TD1801,TCD1801,2009,,17.331125,76.55756637437149,91.70236254181889
N'Djamena,N'Djaména,TD1801,TCD1801,2010,,7.132499999999999,93.96097230756035,111.71842869202776
N'Djamena,N'Djaména,TD1801,TCD1801,2011,,3.3111249999999997,59.3034660539438,125.11177759445478
N'Djamena,N'Djaména,TD1801,TCD1801,2012,,0.022125,112.38167749480768,117.0142454801927
N'Djamena,N'Djaména,TD1801,TCD1801,2013,,4.663,94.02497259374474,106.02817348556091
N'Djamena,N'Djaména,TD1801,TCD1801,2014,,6.648625,58.23170742778083,88.58148881262011
N'Djamena,N'Djaména,TD1801,TCD1801,2015,,3.29725,74.64517640704592,119.26013935220703
N'Djamena,N'Djaména,TD1801,TCD1801,2016,,0.1684999999999999,106.55560019200196,115.8451203878965
N'Djamena,N'Djaména,TD1801,TCD1801,2017,,0.0993749999999999,94.20096324206042,113.63963240263504
N'Djamena,N'Djaména,TD1801,TCD1801,2018,,0.05625,94.75753927405516,129.10522606853124
N'Djamena,N'Djaména,TD1801,TCD1801,2019,,0.5772499999999999,114.02299454442696,114.112477482136
N'Djamena,N'Djaména,TD1801,TCD1801,2020,,0.173625,110.9065108852565,172.2798781089083
N'Djamena,N'Djaména,TD1801,TCD1801,2021,,0.68575,93.24452127987708,133.8040939821685
N'Djamena,N'Djaména,TD1801,TCD1801,2022,,5.6415,82.78075188332679,153.25664231891307
N'Djamena,N'Djaména,TD1801,TCD1801,2023,8.408604633862259,0.029375,136.55732124889175,109.56128346413136
N'Djamena,N'Djaména,TD1801,TCD1801,2024,,0.0,105.91138369004562,195.9459426957942
N'Djamena,N'Djaména,TD1801,TCD1801,2025,,0.21575,127.93521512011324,110.0740534079239
N'Djamena,N'Djaména,TD1801,TCD1801,2026,,1.8845,95.59675768719536,91.17492141295536
Ouaddaï,Abdi,TD1402,TCD1402,1999,,0.0,118.09897566467588,105.53698994763975
Ouaddaï,Abdi,TD1402,TCD1402,2000,,12.399125000000002,121.34662419693085,72.79533717712486
Ouaddaï,Abdi,TD1402,TCD1402,2001,,26.3825,92.70996374489064,106.83713111608354
Ouaddaï,Abdi,TD1402,TCD1402,2002,,58.412125,83.68462997680092,92.84754032502408
Ouaddaï,Abdi,TD1402,TCD1402,2003,,0.0055,126.03276389005995,129.50420475484046
Ouaddaï,Abdi,TD1402,TCD1402,2004,,2.06375,111.05253975042912,75.68042516613663
Ouaddaï,Abdi,TD1402,TCD1402,2005,,0.4004999999999999,119.0936224960684,108.83009738153858
Ouaddaï,Abdi,TD1402,TCD1402,2006,,69.749,63.616609691166545,93.56437976780148
Ouaddaï,Abdi,TD1402,TCD1402,2007,,13.444125,90.34033092692124,72.88151950211753
Ouaddaï,Abdi,TD1402,TCD1402,2008,,0.138375,100.89189595985756,71.54187810138542
Ouaddaï,Abdi,TD1402,TCD1402,2009,,5.270625,91.414866256355,83.45793113044726
Ouaddaï,Abdi,TD1402,TCD1402,2010,,1.682125,88.86418844072762,113.59750609897053
Ouaddaï,Abdi,TD1402,TCD1402,2011,,13.0475,78.57169717484935,86.98063366452185
Ouaddaï,Abdi,TD1402,TCD1402,2012,,0.0,127.06209424617464,146.62418895474752
Ouaddaï,Abdi,TD1402,TCD1402,2013,,7.040875,97.53370416252191,102.56661736618734
Ouaddaï,Abdi,TD1402,TCD1402,2014,2.000075560089161,32.495875,75.99137668940223,121.5754308555167
Ouaddaï,Abdi,TD1402,TCD1402,2015,8.000302240356644,24.823,59.798000472376565,109.19771886158532
Ouaddaï,Abdi,TD1402,TCD1402,2016,3.0002185823173955,0.206875,104.2093656765593,117.4656112324297
Ouaddaï,Abdi,TD1402,TCD1402,2017,21.99995769374502,4.615375,82.00450976594695,138.07395969629707
Ouaddaï,Abdi,TD1402,TCD1402,2018,11.00014306249106,4.1892499999999995,107.43032232588853,131.61791604854042
Ouaddaï,Abdi,TD1402,TCD1402,2019,2.9999554902746253,0.114,105.12732433111904,125.73754339975804
Ouaddaï,Abdi,TD1402,TCD1402,2020,7.000108095047339,2.25625,94.85372438334517,158.8171924761035
Ouaddaï,Abdi,TD1402,TCD1402,2021,6.00030707815139,11.02225,112.24178757474046,96.01159870457192
Ouaddaï,Abdi,TD1402,TCD1402,2022,15.000177938053833,0.3245,114.9540584902114,170.73997849930538
Ouaddaï,Abdi,TD1402,TCD1402,2023,24.00002374887935,0.01825,133.75129168802798,114.0854237409862
Ouaddaï,Abdi,TD1402,TCD1402,2024,28.999751113077625,4.531625,99.32373202395264,126.0737442404846
Ouaddaï,Abdi,TD1402,TCD1402,2025,26.00016021789634,1.4391428571428573,117.8581946823664,135.03670603972017
Ouaddaï,Abdi,TD1402,TCD1402,2026,24.0,7.4025,74.650875298094,80.5575816880514
Ouaddaï,Assoungha,TD1403,TCD1403,1999,,0.0,114.1150764979608,90.43739312373054
Ouaddaï,Assoungha,TD1403,TCD1403,2000,,26.198285714285714,111.73939081269452,62.07297275945289
Ouaddaï,Assoungha,TD1403,TCD1403,2001,,36.73271428571429,96.00730840490606,120.30821141049915
Ouaddaï,Assoungha,TD1403,TCD1403,2002,,40.40557142857143,93.5141285697176,96.07969561128766
Ouaddaï,Assoungha,TD1403,TCD1403,2003,,0.2414285714285714,124.80568253922088,114.76988631295664
Ouaddaï,Assoungha,TD1403,TCD1403,2004,,17.295142857142856,94.71230784701956,68.52823572285946
Ouaddaï,Assoungha,TD1403,TCD1403,2005,,1.33,128.54484862624307,116.48525840165344
Ouaddaï,Assoungha,TD1403,TCD1403,2006,,42.63771428571429,74.41127247116096,89.06326055765521
Ouaddaï,Assoungha,TD1403,TCD1403,2007,,9.694142857142856,108.54872013082746,66.73156758657775
Ouaddaï,Assoungha,TD1403,TCD1403,2008,,0.1082857142857142,102.7511792288805,68.41202569872551
Ouaddaï,Assoungha,TD1403,TCD1403,2009,,4.3665714285714285,91.2682846821344,90.90962377004686
Ouaddaï,Assoungha,TD1403,TCD1403,2010,,0.0,96.0252138021018,106.93310023369428
Ouaddaï,Assoungha,TD1403,TCD1403,2011,,20.241142857142854,58.10655674741446,95.1647965177768
Ouaddaï,Assoungha,TD1403,TCD1403,2012,,0.0,138.2343709195202,132.94630638161232
Ouaddaï,Assoungha,TD1403,TCD1403,2013,,0.5571428571428572,95.50761736426698,97.02594082972938
Ouaddaï,Assoungha,TD1403,TCD1403,2014,4.99985863326642,23.610857142857142,65.86044557262709,157.3608601580558
Ouaddaï,Assoungha,TD1403,TCD1403,2015,3.000084820040148,15.093428571428571,56.06883065519699,131.13766045775537
Ouaddaï,Assoungha,TD1403,TCD1403,2016,10.999947232336025,0.0,109.56531875959465,140.63859447033968
Ouaddaï,Assoungha,TD1403,TCD1403,2017,23.00010553532795,7.802571428571428,68.53220449604123,144.3624121735097
Ouaddaï,Assoungha,TD1403,TCD1403,2018,9.999949017568548,0.1831428571428571,97.96148782661209,173.32342829765054
Ouaddaï,Assoungha,TD1403,TCD1403,2019,12.000028551102906,0.0201428571428571,112.39669093451954,168.472679176234
Ouaddaï,Assoungha,TD1403,TCD1403,2020,9.000021413327179,1.0038571428571428,87.31113555974065,184.66537374519933
Ouaddaï,Assoungha,TD1403,TCD1403,2021,10.000068942219526,7.834666666666667,108.01251536055582,220.2692198892437
Ouaddaï,Assoungha,TD1403,TCD1403,2022,23.999946734846063,0.0489999999999999,127.45763317681433,195.0863037821775
Ouaddaï,Assoungha,TD1403,TCD1403,2023,34.000037396924725,0.0604285714285714,138.20256041690152,111.05396885265536
Ouaddaï,Assoungha,TD1403,TCD1403,2024,29.000120033609413,0.0,100.33921859732696,143.5000114680945
Ouaddaï,Assoungha,TD1403,TCD1403,2025,27.99989608500247,1.7095714285714287,119.59728923621957,140.06111220128798
Ouaddaï,Assoungha,TD1403,TCD1403,2026,21.0,3.9734285714285713,59.73883274382117,80.17293886486253
Ouaddaï,Ouara,TD1401,TCD1401,1999,,0.0,138.40294929353274,105.53698994763975
Ouaddaï,Ouara,TD1401,TCD1401,2000,,12.399125000000002,104.08460554651433,72.79533717712486
Ouaddaï,Ouara,TD1401,TCD1401,2001,,26.3825,118.04196919803904,106.83713111608354
Ouaddaï,Ouara,TD1401,TCD1401,2002,,58.412125,84.18770988557061,92.84754032502408
Ouaddaï,Ouara,TD1401,TCD1401,2003,,0.0055,120.6684772190988,129.50420475484046
Ouaddaï,Ouara,TD1401,TCD1401,2004,,2.06375,78.25497962576448,75.68042516613662
Ouaddaï,Ouara,TD1401,TCD1401,2005,,0.4004999999999999,117.58238279510822,108.83009738153858
Ouaddaï,Ouara,TD1401,TCD1401,2006,,69.749,62.66761452631502,93.56437976780148
Ouaddaï,Ouara,TD1401,TCD1401,2007,,13.444125,107.22130705118656,72.88151950211753
Ouaddaï,Ouara,TD1401,TCD1401,2008,,0.138375,79.81011646516106,71.54187810138542
Ouaddaï,Ouara,TD1401,TCD1401,2009,,5.270625,64.58854887284305,83.45793113044726
Ouaddaï,Ouara,TD1401,TCD1401,2010,,1.682125,112.11614297648254,113.59750609897053
Ouaddaï,Ouara,TD1401,TCD1401,2011,,13.0475,47.64217605563078,86.98063366452185
Ouaddaï,Ouara,TD1401,TCD1401,2012,,0.0,137.6697639133345,146.62418895474752
Ouaddaï,Ouara,TD1401,TCD1401,2013,,7.040875,80.50670386058482,102.56661736618734
Ouaddaï,Ouara,TD1401,TCD1401,2014,6.999945938773203,32.495875,64.82840683143468,121.5754308555167
Ouaddaï,Ouara,TD1401,TCD1401,2015,2.000019658627926,24.823,65.73304753514184,109.19771886158532
Ouaddaï,Ouara,TD1401,TCD1401,2016,10.0,0.206875,100.35892696071303,117.4656112324297
Ouaddaï,Ouara,TD1401,TCD1401,2017,20.0,4.615375,70.31443460921261,138.07395969629707
Ouaddaï,Ouara,TD1401,TCD1401,2018,13.00004431052818,4.1892499999999995,104.17157668230551,131.61791604854042
Ouaddaï,Ouara,TD1401,TCD1401,2019,9.000090987294865,0.114,102.8110684347144,125.73754339975804
Ouaddaï,Ouara,TD1401,TCD1401,2020,4.999958642138698,2.25625,102.36800475975645,158.8171924761035
Ouaddaï,Ouara,TD1401,TCD1401,2021,10.0000399466313,11.02225,127.70302687460588,96.01159870457192
Ouaddaï,Ouara,TD1401,TCD1401,2022,26.999922842482928,0.3245,159.88656140918033,170.73997849930538
Ouaddaï,Ouara,TD1401,TCD1401,2023,22.00005063968777,0.01825,121.20199251189776,114.0854237409862
Ouaddaï,Ouara,TD1401,TCD1401,2024,29.999964025800697,4.531625,127.1775061058713,126.0737442404846
Ouaddaï,Ouara,TD1401,TCD1401,2025,33.999933999934,1.4391428571428573,137.56051342298562,135.03670603972017
Ouaddaï,Ouara,TD1401,TCD1401,2026,24.0,7.4025,49.74661354814794,80.5575816880514
Salamat,Aboudéia,TD1502,TCD1502,1999,,0.0,109.70350948700651,97.7510306171765
Salamat,Aboudéia,TD1502,TCD1502,2000,,4.4719999999999995,109.3535192566859,75.00755753837977
Salamat,Aboudéia,TD1502,TCD1502,2001,,34.66166666666666,94.90878928782332,110.914433261641
Salamat,Aboudéia,TD1502,TCD1502,2002,,75.99233333333333,91.4513543667599,85.71827422407668
Salamat,Aboudéia,TD1502,TCD1502,2003,,2.734111111111111,126.27372866462711,113.5510032752542
Salamat,Aboudéia,TD1502,TCD1502,2004,,0.7406666666666667,119.8001790554619,90.96002880529277
Salamat,Aboudéia,TD1502,TCD1502,2005,,6.0920000000000005,106.67379121503788,91.5109107748354
Salamat,Aboudéia,TD1502,TCD1502,2006,,10.904777777777776,84.88353973927212,113.20383788165567
Salamat,Aboudéia,TD1502,TCD1502,2007,,3.8626666666666662,93.4524426979469,75.45946945117831
Salamat,Aboudéia,TD1502,TCD1502,2008,,0.8635555555555556,109.78726795627333,77.19876229664445
Salamat,Aboudéia,TD1502,TCD1502,2009,,18.24277777777778,94.86896149242888,70.40814558225779
Salamat,Aboudéia,TD1502,TCD1502,2010,,3.6968888888888887,97.44442179198435,122.67068965185258
Salamat,Aboudéia,TD1502,TCD1502,2011,,7.245222222222221,90.27520299700828,98.85260200751324
Salamat,Aboudéia,TD1502,TCD1502,2012,,1.61,128.04507266549854,126.4563905966893
Salamat,Aboudéia,TD1502,TCD1502,2013,,6.789666666666666,98.54864389583167,106.65159651794842
Salamat,Aboudéia,TD1502,TCD1502,2014,4.999438125085842,10.578111111111111,78.22497904054148,125.06407059607317
Salamat,Aboudéia,TD1502,TCD1502,2015,4.000549388804955,23.24888888888889,66.75047650917097,119.3303539623644
Salamat,Aboudéia,TD1502,TCD1502,2016,4.0005306703331165,1.2985555555555557,105.93472650032348,124.8129870279908
Salamat,Aboudéia,TD1502,TCD1502,2017,3.000146348602371,2.293,96.95365229676908,135.12050663426712
Salamat,Aboudéia,TD1502,TCD1502,2018,2.000217533173809,1.6331111111111112,94.4487200084528,123.08794278991584
Salamat,Aboudéia,TD1502,TCD1502,2019,5.0,1.048111111111111,107.03528390010466,116.1280757255718
Salamat,Aboudéia,TD1502,TCD1502,2020,7.000031522207395,2.449,96.6006397170354,173.6360328026048
Salamat,Aboudéia,TD1502,TCD1502,2021,21.999736129012614,4.7011111111111115,92.872116074841,149.67372614561688
Salamat,Aboudéia,TD1502,TCD1502,2022,27.00069589422408,1.9854444444444443,107.47480054093448,168.67039312677983
Salamat,Aboudéia,TD1502,TCD1502,2023,15.999926882545951,0.3084444444444444,113.51049254901848,110.25784202915573
Salamat,Aboudéia,TD1502,TCD1502,2024,21.000054837589342,5.000444444444445,84.72368829316184,130.04800240300838
Salamat,Aboudéia,TD1502,TCD1502,2025,10.0,5.721444444444445,104.40342678937569,99.8696444972456
Salamat,Aboudéia,TD1502,TCD1502,2026,24.0,11.095,79.11105443247172,93.08904031778243
Salamat,Bahr-Azoum,TD1501,TCD1501,1999,,0.0,108.00788252844268,97.7510306171765
Salamat,Bahr-Azoum,TD1501,TCD1501,2000,,4.4719999999999995,110.76173436119454,75.00755753837977
Salamat,Bahr-Azoum,TD1501,TCD1501,2001,,34.66166666666666,91.18054450046716,110.914433261641
Salamat,Bahr-Azoum,TD1501,TCD1501,2002,,75.99233333333333,87.80247215946602,85.71827422407668
Salamat,Bahr-Azoum,TD1501,TCD1501,2003,,2.734111111111111,108.0867739913722,113.5510032752542
Salamat,Bahr-Azoum,TD1501,TCD1501,2004,,0.7406666666666667,113.43841287487308,90.96002880529277
Salamat,Bahr-Azoum,TD1501,TCD1501,2005,,6.0920000000000005,104.16801742998364,91.5109107748354
Salamat,Bahr-Azoum,TD1501,TCD1501,2006,,10.904777777777776,104.13298727305828,113.20383788165567
Salamat,Bahr-Azoum,TD1501,TCD1501,2007,,3.8626666666666662,100.76154881992927,75.45946945117831
Salamat,Bahr-Azoum,TD1501,TCD1501,2008,,0.8635555555555556,104.48221794244004,77.19876229664445
Salamat,Bahr-Azoum,TD1501,TCD1501,2009,,18.24277777777778,91.46633567703346,70.40814558225779
Salamat,Bahr-Azoum,TD1501,TCD1501,2010,,3.6968888888888887,91.82584181652511,122.67068965185258
Salamat,Bahr-Azoum,TD1501,TCD1501,2011,,7.245222222222221,86.20152969913984,98.85260200751324
Salamat,Bahr-Azoum,TD1501,TCD1501,2012,,1.61,117.78386902560322,126.4563905966893
Salamat,Bahr-Azoum,TD1501,TCD1501,2013,,6.789666666666666,104.79472150835328,106.65159651794842
Salamat,Bahr-Azoum,TD1501,TCD1501,2014,5.0000664843518,10.578111111111111,86.4714800946028,125.06407059607317
Salamat,Bahr-Azoum,TD1501,TCD1501,2015,3.000217182215879,23.24888888888889,69.615736215227,119.3303539623644
Salamat,Bahr-Azoum,TD1501,TCD1501,2016,2.9998965980767243,1.2985555555555557,103.71373055397572,124.8129870279908
Salamat,Bahr-Azoum,TD1501,TCD1501,2017,2.000071930658845,2.293,94.05361582947356,135.12050663426712
Salamat,Bahr-Azoum,TD1501,TCD1501,2018,0.0,1.6331111111111112,102.91958977069612,123.08794278991584
Salamat,Bahr-Azoum,TD1501,TCD1501,2019,0.99998455622307,1.048111111111111,107.52144600709528,116.1280757255718
Salamat,Bahr-Azoum,TD1501,TCD1501,2020,5.00008562523547,2.449,96.4350639740331,173.6360328026048
Salamat,Bahr-Azoum,TD1501,TCD1501,2021,20.99986310154263,4.7011111111111115,100.38406619744777,149.67372614561688
Salamat,Bahr-Azoum,TD1501,TCD1501,2022,9.000069584580057,1.9854444444444443,95.96315138701068,168.67039312677983
Salamat,Bahr-Azoum,TD1501,TCD1501,2023,9.999967556799932,0.3084444444444444,121.06319237692954,110.25784202915573
Salamat,Bahr-Azoum,TD1501,TCD1501,2024,10.0,5.000444444444445,96.9640379856266,130.04800240300838
Salamat,Bahr-Azoum,TD1501,TCD1501,2025,16.9998339645812,5.721444444444445,107.3674112307877,99.8696444972456
Salamat,Bahr-Azoum,TD1501,TCD1501,2026,24.0,11.095,92.49503750602489,93.08904031778243
Salamat,Haraze-Mangueigne,TD1503,TCD1503,1999,,0.0,102.80549293863804,97.7510306171765
Salamat,Haraze-Mangueigne,TD1503,TCD1503,2000,,4.4719999999999995,101.56571206060948,75.00755753837977
Salamat,Haraze-Mangueigne,TD1503,TCD1503,2001,,34.66166666666666,88.2175355395806,110.914433261641
Salamat,Haraze-Mangueigne,TD1503,TCD1503,2002,,75.99233333333333,89.19347008969808,85.71827422407668
Salamat,Haraze-Mangueigne,TD1503,TCD1503,2003,,2.734111111111111,107.11180104986866,113.5510032752542
Salamat,Haraze-Mangueigne,TD1503,TCD1503,2004,,0.7406666666666667,107.8507619670717,90.96002880529277
Salamat,Haraze-Mangueigne,TD1503,TCD1503,2005,,6.0920000000000005,102.17596044127512,91.5109107748354
Salamat,Haraze-Mangueigne,TD1503,TCD1503,2006,,10.904777777777776,109.24326678198392,113.20383788165567
Salamat,Haraze-Mangueigne,TD1503,TCD1503,2007,,3.8626666666666662,105.4375213018544,75.45946945117831
Salamat,Haraze-Mangueigne,TD1503,TCD1503,2008,,0.8635555555555556,108.7443956128962,77.19876229664445
Salamat,Haraze-Mangueigne,TD1503,TCD1503,2009,,18.24277777777778,89.42123421796653,70.40814558225779
Salamat,Haraze-Mangueigne,TD1503,TCD1503,2010,,3.6968888888888887,93.16588159215132,122.67068965185258
Salamat,Haraze-Mangueigne,TD1503,TCD1503,2011,,7.245222222222221,89.79200090699472,98.85260200751324
Salamat,Haraze-Mangueigne,TD1503,TCD1503,2012,,1.61,112.41675758985384,126.4563905966893
Salamat,Haraze-Mangueigne,TD1503,TCD1503,2013,,6.789666666666666,113.42708399278898,106.65159651794842
Salamat,Haraze-Mangueigne,TD1503,TCD1503,2014,5.000218604718947,10.578111111111111,94.88537637525135,125.06407059607317
Salamat,Haraze-Mangueigne,TD1503,TCD1503,2015,3.000714108748561,23.24888888888889,79.90031014305283,119.3303539623644
Salamat,Haraze-Mangueigne,TD1503,TCD1503,2016,5.9996058447591425,1.2985555555555557,98.39724015815654,124.8129870279908
Salamat,Haraze-Mangueigne,TD1503,TCD1503,2017,3.0000543980851875,2.293,94.64612134565724,135.12050663426712
Salamat,Haraze-Mangueigne,TD1503,TCD1503,2018,0.9999211625890204,1.6331111111111112,95.7079075599494,123.08794278991584
Salamat,Haraze-Mangueigne,TD1503,TCD1503,2019,1.0003681557933757,1.048111111111111,102.12186432452856,116.1280757255718
Salamat,Haraze-Mangueigne,TD1503,TCD1503,2020,10.0,2.449,90.7312097937599,173.6360328026048
Salamat,Haraze-Mangueigne,TD1503,TCD1503,2021,9.000130299333104,4.7011111111111115,105.38407784912192,149.67372614561688
Salamat,Haraze-Mangueigne,TD1503,TCD1503,2022,7.000022879630265,1.9854444444444443,101.33774719842812,168.67039312677983
Salamat,Haraze-Mangueigne,TD1503,TCD1503,2023,5.999802312938618,0.3084444444444444,113.32148122677243,110.25784202915573
Salamat,Haraze-Mangueigne,TD1503,TCD1503,2024,20.99996799761049,5.000444444444445,102.99778794208956,130.04800240300838
Salamat,Haraze-Mangueigne,TD1503,TCD1503,2025,17.00006180342391,5.721444444444445,110.20210159069256,99.8696444972456
Salamat,Haraze-Mangueigne,TD1503,TCD1503,2026,24.0,11.095,95.08245609455476,93.08904031778243
Sila,Djourf Al Ahmar,TD2102,TCD2102,1999,,0.0,129.6029263387108,105.53698994763975
Sila,Djourf Al Ahmar,TD2102,TCD2102,2000,,12.399125000000002,132.25454996806675,72.79533717712486
Sila,Djourf Al Ahmar,TD2102,TCD2102,2001,,26.3825,95.50459466744404,106.83713111608354
Sila,Djourf Al Ahmar,TD2102,TCD2102,2002,,58.412125,104.63150707922672,92.84754032502408
Sila,Djourf Al Ahmar,TD2102,TCD2102,2003,,0.0055,139.1297951899688,129.50420475484046
Sila,Djourf Al Ahmar,TD2102,TCD2102,2004,,2.06375,110.1698836952396,75.68042516613663
Sila,Djourf Al Ahmar,TD2102,TCD2102,2005,,0.4004999999999999,134.92207210078232,108.83009738153858
Sila,Djourf Al Ahmar,TD2102,TCD2102,2006,,69.749,70.09638954302105,93.56437976780148
Sila,Djourf Al Ahmar,TD2102,TCD2102,2007,,13.444125,99.13718228975978,72.88151950211753
Sila,Djourf Al Ahmar,TD2102,TCD2102,2008,,0.138375,85.88338752438044,71.54187810138542
Sila,Djourf Al Ahmar,TD2102,TCD2102,2009,,5.270625,88.36005845944386,83.45793113044726
Sila,Djourf Al Ahmar,TD2102,TCD2102,2010,,1.682125,81.12131109736875,113.59750609897053
Sila,Djourf Al Ahmar,TD2102,TCD2102,2011,,13.0475,55.08818141479455,86.98063366452185
Sila,Djourf Al Ahmar,TD2102,TCD2102,2012,,0.0,122.89038388118723,146.62418895474752
Sila,Djourf Al Ahmar,TD2102,TCD2102,2013,,7.040875,83.6830588295525,102.56661736618734
Sila,Djourf Al Ahmar,TD2102,TCD2102,2014,11.999762263253825,32.495875,60.97979484707042,121.5754308555167
Sila,Djourf Al Ahmar,TD2102,TCD2102,2015,11.999762263253825,24.823,53.79477086033574,109.19771886158532
Sila,Djourf Al Ahmar,TD2102,TCD2102,2016,9.999712954369311,0.206875,94.72263475375289,117.4656112324297
Sila,Djourf Al Ahmar,TD2102,TCD2102,2017,14.999861343489153,4.615375,58.35123484032181,138.07395969629707
Sila,Djourf Al Ahmar,TD2102,TCD2102,2018,1.9996427614539607,4.1892499999999995,105.37754778977856,131.61791604854042
Sila,Djourf Al Ahmar,TD2102,TCD2102,2019,2.000172577444128,0.114,115.19994480309512,125.73754339975804
Sila,Djourf Al Ahmar,TD2102,TCD2102,2020,6.000133373345337,2.25625,100.3998688240612,158.8171924761035
Sila,Djourf Al Ahmar,TD2102,TCD2102,2021,2.9999516915991693,11.02225,118.43970128732256,96.01159870457192
Sila,Djourf Al Ahmar,TD2102,TCD2102,2022,10.999572333890594,0.3245,108.08813398667132,170.73997849930538
Sila,Djourf Al Ahmar,TD2102,TCD2102,2023,25.0,0.01825,150.1141046220872,114.0854237409862
Sila,Djourf Al Ahmar,TD2102,TCD2102,2024,21.99962295890252,4.531625,102.05698130655551,126.0737442404846
Sila,Djourf Al Ahmar,TD2102,TCD2102,2025,26.0003220634465,1.4391428571428573,125.69973653512992,135.03670603972017
Sila,Djourf Al Ahmar,TD2102,TCD2102,2026,28.000000000000004,7.4025,62.99073233247163,80.5575816880514
Sila,Kimiti,TD2101,TCD2101,1999,,0.0,109.63919943678836,87.57185453226548
Sila,Kimiti,TD2101,TCD2101,2000,,25.12855555555556,112.094112590937,70.25591389686687
Sila,Kimiti,TD2101,TCD2101,2001,,49.01577777777778,92.7279529513104,101.99927460134704
Sila,Kimiti,TD2101,TCD2101,2002,,70.48911111111111,82.87897705816843,93.16796774506454
Sila,Kimiti,TD2101,TCD2101,2003,,6.216,107.90578888744106,110.55539388725111
Sila,Kimiti,TD2101,TCD2101,2004,,14.008888888888889,102.50060820739552,84.74638460467882
Sila,Kimiti,TD2101,TCD2101,2005,,7.61988888888889,110.38104621748911,107.3849378561096
Sila,Kimiti,TD2101,TCD2101,2006,,38.02422222222222,88.092614920107,99.42558548527906
Sila,Kimiti,TD2101,TCD2101,2007,,4.715777777777777,107.62555754503671,64.71694691515788
Sila,Kimiti,TD2101,TCD2101,2008,,0.1513333333333333,107.15128704714029,72.36547439806674
Sila,Kimiti,TD2101,TCD2101,2009,,15.217111111111112,91.88087430351574,82.89957024347247
Sila,Kimiti,TD2101,TCD2101,2010,,3.7363333333333326,88.07970323839854,113.78847881372016
Sila,Kimiti,TD2101,TCD2101,2011,,20.069444444444443,85.15162168665846,103.35792097372116
Sila,Kimiti,TD2101,TCD2101,2012,,0.0856666666666666,124.58252629992272,131.49664081379606
Sila,Kimiti,TD2101,TCD2101,2013,,12.819111111111113,102.59739598511209,100.50672469855893
Sila,Kimiti,TD2101,TCD2101,2014,5.0,14.791777777777778,88.2142263042764,124.36896643344257
Sila,Kimiti,TD2101,TCD2101,2015,9.00005279552294,42.422666666666665,59.46821240647576,121.0913875779698
Sila,Kimiti,TD2101,TCD2101,2016,4.999949003528956,2.513777777777778,97.3367890216464,120.6108109703894
Sila,Kimiti,TD2101,TCD2101,2017,17.000123167877817,14.073666666666666,81.43089859750862,140.2161856683157
Sila,Kimiti,TD2101,TCD2101,2018,1.0000833006080945,3.3536666666666672,104.64701843498304,142.70890005103095
Sila,Kimiti,TD2101,TCD2101,2019,1.0000844140553844,0.5782222222222222,117.42508327439194,127.79668594034018
Sila,Kimiti,TD2101,TCD2101,2020,9.999955571549798,5.590111111111111,98.07169784034426,164.6842618014348
Sila,Kimiti,TD2101,TCD2101,2021,10.999967815648032,9.639222222222225,111.66419456556925,136.53499837628792
Sila,Kimiti,TD2101,TCD2101,2022,17.000145050664127,2.487,101.69035483216044,163.55525471192817
Sila,Kimiti,TD2101,TCD2101,2023,29.00009217284923,0.3627777777777778,124.78815851191432,134.12030652310523
Sila,Kimiti,TD2101,TCD2101,2024,25.999845419589203,5.497444444444445,101.97409983530832,145.86649290838469
Sila,Kimiti,TD2101,TCD2101,2025,28.000014926375655,12.511666666666668,106.34280711397592,117.21240262999186
Sila,Kimiti,TD2101,TCD2101,2026,23.0,21.747,67.9721497255423,91.04153750774952
Tandjilé,Tandjile Ouest,TD1602,TCD1602,1999,,0.0,109.96730127449992,99.81463205008212
Tandjilé,Tandjile Ouest,TD1602,TCD1602,2000,,56.72833333333333,109.28309305233472,72.89367017615419
Tandjilé,Tandjile Ouest,TD1602,TCD1602,2001,,18.169888888888888,116.60508022588851,108.27163506185607
Tandjilé,Tandjile Ouest,TD1602,TCD1602,2002,,91.21677777777778,100.46245964702962,108.79896864040438
Tandjilé,Tandjile Ouest,TD1602,TCD1602,2003,,42.13955555555555,110.11964946612578,98.5123220522308
Tandjilé,Tandjile Ouest,TD1602,TCD1602,2004,,10.757444444444443,117.9326076409783,74.80798575325305
Tandjilé,Tandjile Ouest,TD1602,TCD1602,2005,,6.8197777777777775,115.9408376185745,113.9898175090772
Tandjilé,Tandjile Ouest,TD1602,TCD1602,2006,,17.06711111111111,96.32840429435636,109.35452621918576
Tandjilé,Tandjile Ouest,TD1602,TCD1602,2007,,4.734444444444445,100.64518325821,98.3677423349078
Tandjilé,Tandjile Ouest,TD1602,TCD1602,2008,,6.530888888888889,108.36707241778008,104.20756111861728
Tandjilé,Tandjile Ouest,TD1602,TCD1602,2009,,32.26522222222222,98.57570027905382,85.19277902610811
Tandjilé,Tandjile Ouest,TD1602,TCD1602,2010,,5.852222222222222,100.2881510867531,104.19153717009785
Tandjilé,Tandjile Ouest,TD1602,TCD1602,2011,,37.50533333333333,86.64879424231889,101.98460244219542
Tandjilé,Tandjile Ouest,TD1602,TCD1602,2012,,0.4905555555555556,116.05676614694892,134.50720895593048
Tandjilé,Tandjile Ouest,TD1602,TCD1602,2013,,5.447666666666667,110.2162374006802,127.86728528819437
Tandjilé,Tandjile Ouest,TD1602,TCD1602,2014,0.0,20.06277777777778,87.86570361666529,103.8255356186883
Tandjilé,Tandjile Ouest,TD1602,TCD1602,2015,4.000019546855033,41.91166666666667,76.98962473347098,95.888036301527
Tandjilé,Tandjile Ouest,TD1602,TCD1602,2016,5.999907152438593,3.414555555555556,92.98733300851116,99.28201785213535
Tandjilé,Tandjile Ouest,TD1602,TCD1602,2017,0.0,7.380222222222222,96.7380031447849,103.68150217233756
Tandjilé,Tandjile Ouest,TD1602,TCD1602,2018,0.0,3.8332222222222216,96.07771882140734,101.7799329179246
Tandjilé,Tandjile Ouest,TD1602,TCD1602,2019,2.0000969530306634,20.778555555555556,89.79749490087465,98.0885978680865
Tandjilé,Tandjile Ouest,TD1602,TCD1602,2020,2.9999276253890135,14.060555555555556,90.74224924768272,118.96725651792316
Tandjilé,Tandjile Ouest,TD1602,TCD1602,2021,6.999962991442798,23.258222222222223,85.85055802680799,121.516156874456
Tandjilé,Tandjile Ouest,TD1602,TCD1602,2022,9.00006999860003,15.708444444444446,95.24214567908952,160.3492856596586
Tandjilé,Tandjile Ouest,TD1602,TCD1602,2023,9.999981484258845,5.562222222222222,100.83395960373238,94.7517926792406
Tandjilé,Tandjile Ouest,TD1602,TCD1602,2024,9.000051848766088,5.357111111111111,89.43787116544003,116.78927415155012
Tandjilé,Tandjile Ouest,TD1602,TCD1602,2025,21.00000178788849,41.693333333333335,85.02361384487057,92.14098161251908
Tandjilé,Tandjile Ouest,TD1602,TCD1602,2026,15.0,32.78355555555556,84.2341344971991,96.83781943195105
Tandjilé,Tandjilé Centre,TD1603,TCD1603,1999,,0.0,109.3323525889575,99.81463205008212
Tandjilé,Tandjilé Centre,TD1603,TCD1603,2000,,56.72833333333333,101.60087834784032,72.89367017615419
Tandjilé,Tandjilé Centre,TD1603,TCD1603,2001,,18.169888888888888,103.93061728951932,108.27163506185607
Tandjilé,Tandjilé Centre,TD1603,TCD1603,2002,,91.21677777777778,97.29561169817136,108.79896864040438
Tandjilé,Tandjilé Centre,TD1603,TCD1603,2003,,42.13955555555555,115.13221873864042,98.5123220522308
Tandjilé,Tandjilé Centre,TD1603,TCD1603,2004,,10.757444444444443,115.70856932170756,74.80798575325305
Tandjilé,Tandjilé Centre,TD1603,TCD1603,2005,,6.8197777777777775,116.63490822774418,113.9898175090772
Tandjilé,Tandjilé Centre,TD1603,TCD1603,2006,,17.06711111111111,96.92840310708615,109.35452621918576
Tandjilé,Tandjilé Centre,TD1603,TCD1603,2007,,4.734444444444445,97.9872834494004,98.3677423349078
Tandjilé,Tandjilé Centre,TD1603,TCD1603,2008,,6.530888888888889,105.45240219762596,104.20756111861728
Tandjilé,Tandjilé Centre,TD1603,TCD1603,2009,,32.26522222222222,95.57538819847578,85.19277902610811
Tandjilé,Tandjilé Centre,TD1603,TCD1603,2010,,5.852222222222222,113.80582400271506,104.19153717009785
Tandjilé,Tandjilé Centre,TD1603,TCD1603,2011,,37.50533333333333,81.05217980659319,101.98460244219542
Tandjilé,Tandjilé Centre,TD1603,TCD1603,2012,,0.4905555555555556,123.48041158123776,134.50720895593048
Tandjilé,Tandjilé Centre,TD1603,TCD1603,2013,,5.447666666666667,113.94331254802536,127.86728528819437
Tandjilé,Tandjilé Centre,TD1603,TCD1603,2014,0.0,20.06277777777778,86.6171706212021,103.8255356186883
Tandjilé,Tandjilé Centre,TD1603,TCD1603,2015,4.000036706003267,41.91166666666667,78.55900835066227,95.888036301527
Tandjilé,Tandjilé Centre,TD1603,TCD1603,2016,6.999707496077788,3.414555555555556,97.30152053278128,99.28201785213535
Tandjilé,Tandjilé Centre,TD1603,TCD1603,2017,0.0,7.380222222222222,94.98071530638184,103.68150217233756
Tandjilé,Tandjilé Centre,TD1603,TCD1603,2018,0.0,3.8332222222222216,100.65073719231351,101.7799329179246
Tandjilé,Tandjilé Centre,TD1603,TCD1603,2019,3.0,20.778555555555556,94.9024453344737,98.0885978680865
Tandjilé,Tandjilé Centre,TD1603,TCD1603,2020,5.000221183479068,14.060555555555556,90.65961809122724,118.96725651792316
Tandjilé,Tandjilé Centre,TD1603,TCD1603,2021,5.9997613222745985,23.258222222222223,86.04713300536186,121.516156874456
Tandjilé,Tandjilé Centre,TD1603,TCD1603,2022,8.999680059930238,15.708444444444446,92.35581312499043,160.3492856596586
Tandjilé,Tandjilé Centre,TD1603,TCD1603,2023,6.000214941092707,5.562222222222222,99.26870024265811,94.7517926792406
Tandjilé,Tandjilé Centre,TD1603,TCD1603,2024,20.999885811777503,5.357111111111111,90.79677709420685,116.78927415155012
Tandjilé,Tandjilé Centre,TD1603,TCD1603,2025,16.000233494833928,41.693333333333335,88.54711938446306,92.14098161251908
Tandjilé,Tandjilé Centre,TD1603,TCD1603,2026,14.000000000000002,32.78355555555556,82.51371318811096,96.83781943195105
Tandjilé,Tandjilé Est,TD1601,TCD1601,1999,,0.0,102.98704900239484,107.81191743513446
Tandjilé,Tandjilé Est,TD1601,TCD1601,2000,,7.613222222222223,102.46361285689387,80.0638091619588
Tandjilé,Tandjilé Est,TD1601,TCD1601,2001,,81.02822222222223,89.81465505956395,114.10956569289932
Tandjilé,Tandjilé Est,TD1601,TCD1601,2002,,71.28022222222222,97.1717331703945,94.24918596269455
Tandjilé,Tandjilé Est,TD1601,TCD1601,2003,,1.6923333333333332,118.40826618475997,99.44251316485632
Tandjilé,Tandjilé Est,TD1601,TCD1601,2004,,0.3258888888888889,114.40642255969806,86.12248376363978
Tandjilé,Tandjilé Est,TD1601,TCD1601,2005,,0.1375555555555555,114.32032989942668,98.19597970321816
Tandjilé,Tandjilé Est,TD1601,TCD1601,2006,,39.63411111111111,84.9131724362174,104.90197819054688
Tandjilé,Tandjilé Est,TD1601,TCD1601,2007,,2.5335555555555556,97.0468874252927,89.37330667812415
Tandjilé,Tandjilé Est,TD1601,TCD1601,2008,,2.369111111111111,109.61750518735876,112.8195340546337
Tandjilé,Tandjilé Est,TD1601,TCD1601,2009,,22.244777777777777,91.53688900020484,90.64274326133352
Tandjilé,Tandjilé Est,TD1601,TCD1601,2010,,0.0333333333333333,108.01244733062696,111.47606179936868
Tandjilé,Tandjilé Est,TD1601,TCD1601,2011,,43.13122222222222,87.09357906390908,101.9117892486711
Tandjilé,Tandjilé Est,TD1601,TCD1601,2012,,0.4083333333333333,112.62730159952092,137.00807113105913
Tandjilé,Tandjilé Est,TD1601,TCD1601,2013,,2.4224444444444444,110.40692068078296,121.51544096498488
Tandjilé,Tandjilé Est,TD1601,TCD1601,2014,0.0,5.525333333333333,88.90438533170479,95.94383941538452
Tandjilé,Tandjilé Est,TD1601,TCD1601,2015,3.999987313709757,14.903888888888888,76.1530174241951,98.7468974259732
Tandjilé,Tandjilé Est,TD1601,TCD1601,2016,4.9999387299953435,1.9104444444444444,107.46510043244042,108.3505846510026
Tandjilé,Tandjilé Est,TD1601,TCD1601,2017,4.999985201890606,1.3143333333333334,100.98194438683431,109.64452224798576
Tandjilé,Tandjilé Est,TD1601,TCD1601,2018,0.0,3.676333333333334,102.73372718475608,109.50106703690425
Tandjilé,Tandjilé Est,TD1601,TCD1601,2019,5.000013813719233,8.735444444444445,101.88760645238332,112.09604397399345
Tandjilé,Tandjilé Est,TD1601,TCD1601,2020,3.999946621116686,1.611888888888889,100.15570511359653,133.32617240901783
Tandjilé,Tandjilé Est,TD1601,TCD1601,2021,5.000038668065591,9.143999999999998,90.65832598145788,139.66838410487856
Tandjilé,Tandjilé Est,TD1601,TCD1601,2022,13.99991053918972,6.961222222222222,98.0001849881696,149.5094470937892
Tandjilé,Tandjilé Est,TD1601,TCD1601,2023,12.000018833899135,7.129444444444445,102.25319971287014,84.10789678326545
Tandjilé,Tandjilé Est,TD1601,TCD1601,2024,28.000102146943025,6.602,89.98003153454597,119.22317582850712
Tandjilé,Tandjilé Est,TD1601,TCD1601,2025,14.999943958125511,12.715333333333334,98.4663620980478,97.76082039336556
Tandjilé,Tandjilé Est,TD1601,TCD1601,2026,15.0,33.474999999999994,96.22712065068508,89.51818223783029
Tibesti,Tibesti Est,TD2201,TCD2201,1999,,,,
Tibesti,Tibesti Est,TD2201,TCD2201,2000,,,,
Tibesti,Tibesti Est,TD2201,TCD2201,2001,,,,
Tibesti,Tibesti Est,TD2201,TCD2201,2002,,,,
Tibesti,Tibesti Est,TD2201,TCD2201,2003,,,,
Tibesti,Tibesti Est,TD2201,TCD2201,2004,,,,
Tibesti,Tibesti Est,TD2201,TCD2201,2005,,,,
Tibesti,Tibesti Est,TD2201,TCD2201,2006,,,,
Tibesti,Tibesti Est,TD2201,TCD2201,2007,,,,
Tibesti,Tibesti Est,TD2201,TCD2201,2008,,,,
Tibesti,Tibesti Est,TD2201,TCD2201,2009,,,,
Tibesti,Tibesti Est,TD2201,TCD2201,2010,,,,
Tibesti,Tibesti Est,TD2201,TCD2201,2011,,,,
Tibesti,Tibesti Est,TD2201,TCD2201,2012,,,,
Tibesti,Tibesti Est,TD2201,TCD2201,2013,,,,
Tibesti,Tibesti Est,TD2201,TCD2201,2014,,,,
Tibesti,Tibesti Est,TD2201,TCD2201,2015,,,,
Tibesti,Tibesti Est,TD2201,TCD2201,2016,0.0,,,
Tibesti,Tibesti Est,TD2201,TCD2201,2017,,,,
Tibesti,Tibesti Est,TD2201,TCD2201,2018,25.99872866852477,,,
Tibesti,Tibesti Est,TD2201,TCD2201,2019,21.00141802356853,,,
Tibesti,Tibesti Est,TD2201,TCD2201,2020,21.001417099669343,,,
Tibesti,Tibesti Est,TD2201,TCD2201,2021,21.001003741217264,,,
Tibesti,Tibesti Est,TD2201,TCD2201,2022,22.000440625688476,,,
Tibesti,Tibesti Est,TD2201,TCD2201,2023,8.998274303558222,,,
Tibesti,Tibesti Est,TD2201,TCD2201,2024,21.99852083162133,,,
Tibesti,Tibesti Est,TD2201,TCD2201,2025,29.99801626661377,,,
Tibesti,Tibesti Est,TD2201,TCD2201,2026,21.999999999999996,,,
Tibesti,Tibesti Ouest,TD2202,TCD2202,1999,,,,
Tibesti,Tibesti Ouest,TD2202,TCD2202,2000,,,,
Tibesti,Tibesti Ouest,TD2202,TCD2202,2001,,,,
Tibesti,Tibesti Ouest,TD2202,TCD2202,2002,,,,
Tibesti,Tibesti Ouest,TD2202,TCD2202,2003,,,,
Tibesti,Tibesti Ouest,TD2202,TCD2202,2004,,,,
Tibesti,Tibesti Ouest,TD2202,TCD2202,2005,,,,
Tibesti,Tibesti Ouest,TD2202,TCD2202,2006,,,,
Tibesti,Tibesti Ouest,TD2202,TCD2202,2007,,,,
Tibesti,Tibesti Ouest,TD2202,TCD2202,2008,,,,
Tibesti,Tibesti Ouest,TD2202,TCD2202,2009,,,,
Tibesti,Tibesti Ouest,TD2202,TCD2202,2010,,,,
Tibesti,Tibesti Ouest,TD2202,TCD2202,2011,,,,
Tibesti,Tibesti Ouest,TD2202,TCD2202,2012,,,,
Tibesti,Tibesti Ouest,TD2202,TCD2202,2013,,,,
Tibesti,Tibesti Ouest,TD2202,TCD2202,2014,,,,
Tibesti,Tibesti Ouest,TD2202,TCD2202,2015,,,,
Tibesti,Tibesti Ouest,TD2202,TCD2202,2016,,,,
Tibesti,Tibesti Ouest,TD2202,TCD2202,2017,,,,
Tibesti,Tibesti Ouest,TD2202,TCD2202,2018,26.00012679896025,,,
Tibesti,Tibesti Ouest,TD2202,TCD2202,2019,24.998415012996897,,,
Tibesti,Tibesti Ouest,TD2202,TCD2202,2020,22.00036748943468,,,
Tibesti,Tibesti Ouest,TD2202,TCD2202,2021,21.000946521533365,,,
Tibesti,Tibesti Ouest,TD2202,TCD2202,2022,24.001599725761295,,,
Tibesti,Tibesti Ouest,TD2202,TCD2202,2023,8.998401704848161,,,
Tibesti,Tibesti Ouest,TD2202,TCD2202,2024,21.001598295151837,,,
Tibesti,Tibesti Ouest,TD2202,TCD2202,2025,24.003292350429547,,,
Tibesti,Tibesti Ouest,TD2202,TCD2202,2026,22.0,,,
Wadi Fira,Biltine,TD1701,TCD1701,1999,,0.0,167.42386675044892,93.0770526599508
Wadi Fira,Biltine,TD1701,TCD1701,2000,,30.650166666666667,56.69563305734322,34.671001650887774
Wadi Fira,Biltine,TD1701,TCD1701,2001,,50.886500000000005,119.67420346221029,117.71368889188368
Wadi Fira,Biltine,TD1701,TCD1701,2002,,23.22683333333333,62.453807699045285,102.88804285569891
Wadi Fira,Biltine,TD1701,TCD1701,2003,,0.532,69.2261698961532,126.107947845423
Wadi Fira,Biltine,TD1701,TCD1701,2004,,11.024333333333333,54.48804556024496,58.53104679761463
Wadi Fira,Biltine,TD1701,TCD1701,2005,,5.173166666666667,88.97793997382925,128.86088743640713
Wadi Fira,Biltine,TD1701,TCD1701,2006,,42.02133333333333,43.91057619365048,87.36599171186955
Wadi Fira,Biltine,TD1701,TCD1701,2007,,1.2885,141.6016669171237,85.67534786563796
Wadi Fira,Biltine,TD1701,TCD1701,2008,,0.0,58.738050672127606,63.22900171827095
Wadi Fira,Biltine,TD1701,TCD1701,2009,,1.465833333333333,43.33848153221344,87.04659546511236
Wadi Fira,Biltine,TD1701,TCD1701,2010,,0.3703333333333333,130.62348703253716,126.41420437316802
Wadi Fira,Biltine,TD1701,TCD1701,2011,,0.3546666666666667,38.835866705351314,102.58414473905866
Wadi Fira,Biltine,TD1701,TCD1701,2012,,0.0,188.25418801780177,130.39958222431858
Wadi Fira,Biltine,TD1701,TCD1701,2013,,1.0638333333333334,67.56296893597639,83.9169839291129
Wadi Fira,Biltine,TD1701,TCD1701,2014,3.999980891050323,9.685,90.19204548837376,195.89366935076313
Wadi Fira,Biltine,TD1701,TCD1701,2015,5.000230723086152,12.584666666666667,77.88050093800763,156.15107307705264
Wadi Fira,Biltine,TD1701,TCD1701,2016,21.99990771076554,0.0,99.47952055333285,221.13271116202287
Wadi Fira,Biltine,TD1701,TCD1701,2017,21.00019169300588,2.6595,38.63985855217432,131.45918264209425
Wadi Fira,Biltine,TD1701,TCD1701,2018,28.00005168604175,0.0,90.67219785479786,180.6701256696203
Wadi Fira,Biltine,TD1701,TCD1701,2019,4.000048241787841,0.0,114.22556231823772,186.68744314544657
Wadi Fira,Biltine,TD1701,TCD1701,2020,10.999924248163016,3.030333333333333,148.49569341468228,188.10248980829488
Wadi Fira,Biltine,TD1701,TCD1701,2021,22.00011648902091,0.3703333333333333,167.11917807482348,281.7533101984435
Wadi Fira,Biltine,TD1701,TCD1701,2022,25.00018750046875,0.0,183.03961449946144,186.48023988410097
Wadi Fira,Biltine,TD1701,TCD1701,2023,23.000072632190587,1.6194999999999995,86.26106213033657,126.97685387958629
Wadi Fira,Biltine,TD1701,TCD1701,2024,27.0001014081749,0.0,172.18981376971445,187.88113608032072
Wadi Fira,Biltine,TD1701,TCD1701,2025,22.99980753581691,0.3788333333333333,198.25861332195305,164.4870455847175
Wadi Fira,Biltine,TD1701,TCD1701,2026,15.000000000000002,1.1336666666666666,55.02565394937711,72.67443819278326
Wadi Fira,Dar-Tama,TD1702,TCD1702,1999,,0.0,117.46395200225564,93.0770526599508
Wadi Fira,Dar-Tama,TD1702,TCD1702,2000,,30.650166666666667,107.26097543720728,34.671001650887774
Wadi Fira,Dar-Tama,TD1702,TCD1702,2001,,50.886500000000005,107.67050765219406,117.71368889188368
Wadi Fira,Dar-Tama,TD1702,TCD1702,2002,,23.22683333333333,78.97876967675279,102.88804285569891
Wadi Fira,Dar-Tama,TD1702,TCD1702,2003,,0.532,107.1555807505803,126.107947845423
Wadi Fira,Dar-Tama,TD1702,TCD1702,2004,,11.024333333333333,58.92192403300685,58.53104679761463
Wadi Fira,Dar-Tama,TD1702,TCD1702,2005,,5.173166666666667,107.52823941447264,128.86088743640713
Wadi Fira,Dar-Tama,TD1702,TCD1702,2006,,42.02133333333333,60.291707596657304,87.36599171186955
Wadi Fira,Dar-Tama,TD1702,TCD1702,2007,,1.2885,131.07025721118703,85.67534786563795
Wadi Fira,Dar-Tama,TD1702,TCD1702,2008,,0.0,124.1523384884896,63.22900171827095
Wadi Fira,Dar-Tama,TD1702,TCD1702,2009,,1.465833333333333,76.79502832054955,87.04659546511236
Wadi Fira,Dar-Tama,TD1702,TCD1702,2010,,0.3703333333333333,112.80952089266675,126.41420437316802
Wadi Fira,Dar-Tama,TD1702,TCD1702,2011,,0.3546666666666667,64.8114209033028,102.58414473905866
Wadi Fira,Dar-Tama,TD1702,TCD1702,2012,,0.0,127.73685386466262,130.39958222431858
Wadi Fira,Dar-Tama,TD1702,TCD1702,2013,,1.0638333333333334,71.53170834426943,83.9169839291129
Wadi Fira,Dar-Tama,TD1702,TCD1702,2014,0.9999234637600904,9.685,73.32939265193905,195.89366935076313
Wadi Fira,Dar-Tama,TD1702,TCD1702,2015,7.000156554411355,12.584666666666667,72.42046758636587,156.15107307705264
Wadi Fira,Dar-Tama,TD1702,TCD1702,2016,21.999808655719455,0.0,108.50288464783814,221.13271116202287
Wadi Fira,Dar-Tama,TD1702,TCD1702,2017,20.999983194971936,2.6595,58.4626446039912,131.45918264209425
Wadi Fira,Dar-Tama,TD1702,TCD1702,2018,27.000028413818853,0.0,90.87538853328734,180.6701256696203
Wadi Fira,Dar-Tama,TD1702,TCD1702,2019,10.000113659181578,0.0,118.4458967520752,186.68744314544657
Wadi Fira,Dar-Tama,TD1702,TCD1702,2020,11.999871498788162,3.030333333333333,91.70350972530628,188.10248980829488
Wadi Fira,Dar-Tama,TD1702,TCD1702,2021,22.999932179915973,0.3703333333333333,124.0838884601042,281.7533101984435
Wadi Fira,Dar-Tama,TD1702,TCD1702,2022,21.999851569650943,0.0,131.2827997434147,186.48023988410097
Wadi Fira,Dar-Tama,TD1702,TCD1702,2023,24.000164581961815,1.6194999999999995,131.2468800088808,126.97685387958629
Wadi Fira,Dar-Tama,TD1702,TCD1702,2024,21.00004284108922,0.0,145.4674626985423,187.88113608032072
Wadi Fira,Dar-Tama,TD1702,TCD1702,2025,13.000229112570644,0.3788333333333333,157.91817786958322,164.4870455847175
Wadi Fira,Dar-Tama,TD1702,TCD1702,2026,13.0,1.1336666666666666,61.45376920226504,72.67443819278326
Wadi Fira,Kobé,TD1703,TCD1703,1999,,0.0,153.99785898010913,93.0770526599508
Wadi Fira,Kobé,TD1703,TCD1703,2000,,30.650166666666667,68.60293740115945,34.671001650887774
Wadi Fira,Kobé,TD1703,TCD1703,2001,,50.886500000000005,116.00423223154188,117.71368889188368
Wadi Fira,Kobé,TD1703,TCD1703,2002,,23.22683333333333,65.56327467316977,102.88804285569891
Wadi Fira,Kobé,TD1703,TCD1703,2003,,0.532,60.22726126837385,126.107947845423
Wadi Fira,Kobé,TD1703,TCD1703,2004,,11.024333333333333,9.326686588067158,58.53104679761463
Wadi Fira,Kobé,TD1703,TCD1703,2005,,5.173166666666667,138.60283843621204,128.86088743640713
Wadi Fira,Kobé,TD1703,TCD1703,2006,,42.02133333333333,21.81978729761185,87.36599171186955
Wadi Fira,Kobé,TD1703,TCD1703,2007,,1.2885,182.1839360954447,85.67534786563795
Wadi Fira,Kobé,TD1703,TCD1703,2008,,0.0,80.79896156882236,63.22900171827095
Wadi Fira,Kobé,TD1703,TCD1703,2009,,1.465833333333333,59.21777172190513,87.04659546511236
Wadi Fira,Kobé,TD1703,TCD1703,2010,,0.3703333333333333,127.81137927911423,126.41420437316802
Wadi Fira,Kobé,TD1703,TCD1703,2011,,0.3546666666666667,43.6081022664625,102.58414473905866
Wadi Fira,Kobé,TD1703,TCD1703,2012,,0.0,153.61348621988375,130.39958222431858
Wadi Fira,Kobé,TD1703,TCD1703,2013,,1.0638333333333334,24.45426238136768,83.9169839291129
Wadi Fira,Kobé,TD1703,TCD1703,2014,2.9999247558907456,9.685,87.2749982827439,195.89366935076313
Wadi Fira,Kobé,TD1703,TCD1703,2015,5.000260460378189,12.584666666666667,61.781679219505556,156.15107307705264
Wadi Fira,Kobé,TD1703,TCD1703,2016,27.00010063399416,0.0,80.67268216328212,221.13271116202287
Wadi Fira,Kobé,TD1703,TCD1703,2017,22.00017283843927,2.6595,64.55928303197187,131.45918264209425
Wadi Fira,Kobé,TD1703,TCD1703,2018,25.0,0.0,128.13146900503435,180.6701256696203
Wadi Fira,Kobé,TD1703,TCD1703,2019,11.999961034343356,0.0,88.32962625649293,186.68744314544657
Wadi Fira,Kobé,TD1703,TCD1703,2020,6.000045889452309,3.030333333333333,96.19322348368956,188.10248980829488
Wadi Fira,Kobé,TD1703,TCD1703,2021,22.00016936235075,0.3703333333333333,187.09778322107,281.7533101984435
Wadi Fira,Kobé,TD1703,TCD1703,2022,24.00018147585237,0.0,165.4911340425322,186.48023988410097
Wadi Fira,Kobé,TD1703,TCD1703,2023,27.0,1.6194999999999995,66.93397293209799,126.97685387958629
Wadi Fira,Kobé,TD1703,TCD1703,2024,31.000194887177273,0.0,267.70137195233445,187.88113608032072
Wadi Fira,Kobé,TD1703,TCD1703,2025,11.0,0.3788333333333333,183.95443831872967,164.4870455847175
Wadi Fira,Kobé,TD1703,TCD1703,2026,21.000000000000004,1.1336666666666666,50.741973798738805,72.67443819278326
Wadi Fira,Mégri,TD1704,TCD1704,1999,,0.0,147.72216842898337,93.0770526599508
Wadi Fira,Mégri,TD1704,TCD1704,2000,,30.650166666666667,51.76014521843007,34.671001650887774
Wadi Fira,Mégri,TD1704,TCD1704,2001,,50.886500000000005,100.49230220814648,117.71368889188368
Wadi Fira,Mégri,TD1704,TCD1704,2002,,23.22683333333333,28.040724686733448,102.88804285569891
Wadi Fira,Mégri,TD1704,TCD1704,2003,,0.532,52.93901271895756,126.107947845423
Wadi Fira,Mégri,TD1704,TCD1704,2004,,11.024333333333333,29.1844782222135,58.53104679761463
Wadi Fira,Mégri,TD1704,TCD1704,2005,,5.173166666666667,89.87803572484361,128.86088743640713
Wadi Fira,Mégri,TD1704,TCD1704,2006,,42.02133333333333,34.92763867305071,87.36599171186955
Wadi Fira,Mégri,TD1704,TCD1704,2007,,1.2885,126.63165950959308,85.67534786563795
Wadi Fira,Mégri,TD1704,TCD1704,2008,,0.0,51.32067064917166,63.22900171827095
Wadi Fira,Mégri,TD1704,TCD1704,2009,,1.465833333333333,29.449070473941507,87.04659546511236
Wadi Fira,Mégri,TD1704,TCD1704,2010,,0.3703333333333333,97.6288286807448,126.41420437316802
Wadi Fira,Mégri,TD1704,TCD1704,2011,,0.3546666666666667,50.234966335837605,102.58414473905866
Wadi Fira,Mégri,TD1704,TCD1704,2012,,0.0,186.8127212672726,130.39958222431858
Wadi Fira,Mégri,TD1704,TCD1704,2013,,1.0638333333333334,50.897778765801064,83.9169839291129
Wadi Fira,Mégri,TD1704,TCD1704,2014,22.000790826413603,9.685,82.32174852073236,195.89366935076313
Wadi Fira,Mégri,TD1704,TCD1704,2015,8.001680543885112,12.584666666666667,69.31651094952048,156.15107307705264
Wadi Fira,Mégri,TD1704,TCD1704,2016,30.001527767168284,0.0,81.08949506461866,221.13271116202287
Wadi Fira,Mégri,TD1704,TCD1704,2017,21.99918822183683,2.6595,21.264169437510343,131.45918264209425
Wadi Fira,Mégri,TD1704,TCD1704,2018,24.998217468805706,0.0,131.96204033327274,180.6701256696203
Wadi Fira,Mégri,TD1704,TCD1704,2019,5.999401058130636,0.0,108.4683148315616,186.68744314544657
Wadi Fira,Mégri,TD1704,TCD1704,2020,24.99916813629255,3.030333333333333,177.95430232372937,188.10248980829488
Wadi Fira,Mégri,TD1704,TCD1704,2021,22.998553752209546,0.3703333333333333,199.8933136117643,281.7533101984435
Wadi Fira,Mégri,TD1704,TCD1704,2022,22.99927901946647,0.0,196.0376053902285,186.48023988410097
Wadi Fira,Mégri,TD1704,TCD1704,2023,25.0,1.6194999999999995,130.36957998218594,126.97685387958629
Wadi Fira,Mégri,TD1704,TCD1704,2024,28.002894356005783,0.0,273.4027179911548,187.88113608032072
Wadi Fira,Mégri,TD1704,TCD1704,2025,12.0,0.3788333333333333,228.67603590182165,164.4870455847175
Wadi Fira,Mégri,TD1704,TCD1704,2026,14.000000000000002,1.1336666666666666,63.61788921223695,72.67443819278326
